x-axis,1,2,3
second,Volt,Volt,Volt
-2.499990E+00,-5.025E-03,+3.286432E+00,-10.050E-03
-2.497490E+00,-5.025E-03,+3.286432E+00,-10.050E-03
-2.494990E+00,-5.025E-03,+3.286432E+00,-10.050E-03
-2.492490E+00,-5.025E-03,+3.286432E+00,-10.050E-03
-2.489990E+00,-5.025E-03,+3.286432E+00,-10.050E-03
-2.487490E+00,-5.025E-03,+3.286432E+00,-10.050E-03
-2.484990E+00,-5.025E-03,+3.281407E+00,-10.050E-03
-2.482490E+00,-5.025E-03,+3.286432E+00,-10.050E-03
-2.479990E+00,-5.025E-03,+3.286432E+00,-10.050E-03
-2.477490E+00,-5.025E-03,+3.281407E+00,-10.050E-03
-2.474990E+00,-5.025E-03,-15.075E-03,-10.050E-03
-2.472490E+00,-5.025E-03,-10.050E-03,-10.050E-03
-2.469990E+00,-5.025E-03,-10.050E-03,-10.050E-03
-2.467490E+00,-5.025E-03,-10.050E-03,-10.050E-03
-2.464990E+00,-5.025E-03,-10.050E-03,-10.050E-03
-2.462490E+00,-5.025E-03,-10.050E-03,-10.050E-03
-2.459990E+00,-5.025E-03,-10.050E-03,-10.050E-03
-2.457490E+00,-5.025E-03,-10.050E-03,-10.050E-03
-2.454990E+00,-5.025E-03,-10.050E-03,-10.050E-03
-2.452490E+00,-5.025E-03,-10.050E-03,-10.050E-03
-2.449990E+00,-5.025E-03,-10.050E-03,-10.050E-03
-2.447490E+00,-5.025E-03,-10.050E-03,-10.050E-03
-2.444990E+00,-5.025E-03,-10.050E-03,-10.050E-03
-2.442490E+00,-5.025E-03,-10.050E-03,-10.050E-03
-2.439990E+00,-5.025E-03,-10.050E-03,-10.050E-03
-2.437490E+00,-5.025E-03,-10.050E-03,-10.050E-03
-2.434990E+00,-5.025E-03,-10.050E-03,-10.050E-03
-2.432490E+00,-5.025E-03,-10.050E-03,-10.050E-03
-2.429990E+00,-5.025E-03,-10.050E-03,-10.050E-03
-2.427490E+00,-5.025E-03,-10.050E-03,-10.050E-03
-2.424990E+00,-5.025E-03,-10.050E-03,-10.050E-03
-2.422490E+00,-5.025E-03,-10.050E-03,-10.050E-03
-2.419990E+00,-5.025E-03,-10.050E-03,-10.050E-03
-2.417490E+00,-5.025E-03,-10.050E-03,-10.050E-03
-2.414990E+00,-5.025E-03,-10.050E-03,-10.050E-03
-2.412490E+00,-5.025E-03,-10.050E-03,-10.050E-03
-2.409990E+00,-5.025E-03,-10.050E-03,-10.050E-03
-2.407490E+00,-5.025E-03,-10.050E-03,-10.050E-03
-2.404990E+00,-5.025E-03,-10.050E-03,-10.050E-03
-2.402490E+00,-5.025E-03,-10.050E-03,-10.050E-03
-2.399990E+00,-5.025E-03,-10.050E-03,-10.050E-03
-2.397490E+00,-5.025E-03,-10.050E-03,-10.050E-03
-2.394990E+00,-5.025E-03,-10.050E-03,-10.050E-03
-2.392490E+00,-5.025E-03,-10.050E-03,-10.050E-03
-2.389990E+00,-5.025E-03,-10.050E-03,-10.050E-03
-2.387490E+00,-5.025E-03,-10.050E-03,-10.050E-03
-2.384990E+00,-5.025E-03,-10.050E-03,-10.050E-03
-2.382490E+00,-5.025E-03,-10.050E-03,-10.050E-03
-2.379990E+00,-5.025E-03,-10.050E-03,-10.050E-03
-2.377490E+00,-5.025E-03,-10.050E-03,-10.050E-03
-2.374990E+00,-5.025E-03,-10.050E-03,-10.050E-03
-2.372490E+00,-5.025E-03,-10.050E-03,-10.050E-03
-2.369990E+00,-5.025E-03,-10.050E-03,-10.050E-03
-2.367490E+00,-5.025E-03,-5.025E-03,-10.050E-03
-2.364990E+00,-5.025E-03,-10.050E-03,-10.050E-03
-2.362490E+00,-5.025E-03,-10.050E-03,-10.050E-03
-2.359990E+00,-5.025E-03,-10.050E-03,-10.050E-03
-2.357490E+00,-5.025E-03,-10.050E-03,-10.050E-03
-2.354990E+00,-5.025E-03,-10.050E-03,-10.050E-03
-2.352490E+00,-5.025E-03,-10.050E-03,-10.050E-03
-2.349990E+00,-5.025E-03,-10.050E-03,-10.050E-03
-2.347490E+00,-5.025E-03,-10.050E-03,-10.050E-03
-2.344990E+00,-5.025E-03,-10.050E-03,-10.050E-03
-2.342490E+00,-5.025E-03,-10.050E-03,-10.050E-03
-2.339990E+00,-5.025E-03,-10.050E-03,-10.050E-03
-2.337490E+00,-5.025E-03,-10.050E-03,-10.050E-03
-2.334990E+00,-5.025E-03,-10.050E-03,-10.050E-03
-2.332490E+00,-5.025E-03,-10.050E-03,-10.050E-03
-2.329990E+00,-5.025E-03,-10.050E-03,-10.050E-03
-2.327490E+00,-5.025E-03,-10.050E-03,-10.050E-03
-2.324990E+00,-5.025E-03,-10.050E-03,-10.050E-03
-2.322490E+00,-5.025E-03,-10.050E-03,-10.050E-03
-2.319990E+00,-5.025E-03,-10.050E-03,-10.050E-03
-2.317490E+00,-5.025E-03,-10.050E-03,-10.050E-03
-2.314990E+00,-5.025E-03,-10.050E-03,-10.050E-03
-2.312490E+00,-5.025E-03,-10.050E-03,-10.050E-03
-2.309990E+00,-5.025E-03,-10.050E-03,-5.025E-03
-2.307490E+00,-5.025E-03,-10.050E-03,-5.025E-03
-2.304990E+00,-5.025E-03,-10.050E-03,-10.050E-03
-2.302490E+00,-5.025E-03,-10.050E-03,-10.050E-03
-2.299990E+00,-5.025E-03,-10.050E-03,-10.050E-03
-2.297490E+00,-5.025E-03,-10.050E-03,-10.050E-03
-2.294990E+00,-5.025E-03,-10.050E-03,-10.050E-03
-2.292490E+00,-5.025E-03,-10.050E-03,-10.050E-03
-2.289990E+00,-5.025E-03,-10.050E-03,-10.050E-03
-2.287490E+00,-5.025E-03,-10.050E-03,-10.050E-03
-2.284990E+00,-5.025E-03,-10.050E-03,-10.050E-03
-2.282490E+00,-5.025E-03,-10.050E-03,-10.050E-03
-2.279990E+00,-5.025E-03,-10.050E-03,-10.050E-03
-2.277490E+00,-5.025E-03,-10.050E-03,-10.050E-03
-2.274990E+00,-5.025E-03,-10.050E-03,+3.266332E+00
-2.272490E+00,-5.025E-03,-10.050E-03,+3.266332E+00
-2.269990E+00,-5.025E-03,-10.050E-03,+3.266332E+00
-2.267490E+00,-5.025E-03,-10.050E-03,+3.266332E+00
-2.264990E+00,-5.025E-03,-10.050E-03,+3.266332E+00
-2.262490E+00,-5.025E-03,-5.025E-03,+3.266332E+00
-2.259990E+00,-5.025E-03,-10.050E-03,+3.266332E+00
-2.257490E+00,-5.025E-03,-10.050E-03,+3.266332E+00
-2.254990E+00,-5.025E-03,-10.050E-03,+3.266332E+00
-2.252490E+00,-5.025E-03,-10.050E-03,+3.266332E+00
-2.249990E+00,-5.025E-03,+3.286432E+00,-10.050E-03
-2.247490E+00,-5.025E-03,+3.286432E+00,-10.050E-03
-2.244990E+00,-5.025E-03,+3.286432E+00,-10.050E-03
-2.242490E+00,-5.025E-03,+3.286432E+00,-10.050E-03
-2.239990E+00,-5.025E-03,+3.286432E+00,-10.050E-03
-2.237490E+00,-5.025E-03,+3.286432E+00,-10.050E-03
-2.234990E+00,-5.025E-03,+3.286432E+00,-10.050E-03
-2.232490E+00,-5.025E-03,+3.286432E+00,-10.050E-03
-2.229990E+00,-5.025E-03,+3.286432E+00,-10.050E-03
-2.227490E+00,-5.025E-03,+3.286432E+00,-10.050E-03
-2.224990E+00,-5.025E-03,-15.075E-03,-10.050E-03
-2.222490E+00,-5.025E-03,-10.050E-03,-10.050E-03
-2.219990E+00,-5.025E-03,-10.050E-03,-10.050E-03
-2.217490E+00,-5.025E-03,-10.050E-03,-10.050E-03
-2.214990E+00,-5.025E-03,-10.050E-03,-10.050E-03
-2.212490E+00,-5.025E-03,-10.050E-03,-10.050E-03
-2.209990E+00,-5.025E-03,-10.050E-03,-10.050E-03
-2.207490E+00,-5.025E-03,-10.050E-03,-10.050E-03
-2.204990E+00,-5.025E-03,-10.050E-03,-10.050E-03
-2.202490E+00,-5.025E-03,-10.050E-03,-10.050E-03
-2.199990E+00,-5.025E-03,-10.050E-03,-10.050E-03
-2.197490E+00,-5.025E-03,-10.050E-03,-10.050E-03
-2.194990E+00,-5.025E-03,-10.050E-03,-10.050E-03
-2.192490E+00,-5.025E-03,-10.050E-03,-10.050E-03
-2.189990E+00,-5.025E-03,-5.025E-03,-10.050E-03
-2.187490E+00,-5.025E-03,-5.025E-03,-10.050E-03
-2.184990E+00,-5.025E-03,-10.050E-03,-10.050E-03
-2.182490E+00,-5.025E-03,-10.050E-03,-10.050E-03
-2.179990E+00,-5.025E-03,-10.050E-03,-10.050E-03
-2.177490E+00,-5.025E-03,-10.050E-03,-10.050E-03
-2.174990E+00,-5.025E-03,-10.050E-03,-10.050E-03
-2.172490E+00,-5.025E-03,-10.050E-03,-10.050E-03
-2.169990E+00,-5.025E-03,-10.050E-03,-10.050E-03
-2.167490E+00,-5.025E-03,-10.050E-03,-10.050E-03
-2.164990E+00,-5.025E-03,-10.050E-03,-10.050E-03
-2.162490E+00,-5.025E-03,-10.050E-03,-10.050E-03
-2.159990E+00,-5.025E-03,-10.050E-03,-10.050E-03
-2.157490E+00,-5.025E-03,-10.050E-03,-10.050E-03
-2.154990E+00,-5.025E-03,-10.050E-03,-10.050E-03
-2.152490E+00,-5.025E-03,-10.050E-03,-10.050E-03
-2.149990E+00,-5.025E-03,-10.050E-03,-10.050E-03
-2.147490E+00,-5.025E-03,-10.050E-03,-10.050E-03
-2.144990E+00,-5.025E-03,-10.050E-03,-10.050E-03
-2.142490E+00,-5.025E-03,-10.050E-03,-10.050E-03
-2.139990E+00,-5.025E-03,-10.050E-03,-10.050E-03
-2.137490E+00,-5.025E-03,-10.050E-03,-10.050E-03
-2.134990E+00,-5.025E-03,-10.050E-03,-10.050E-03
-2.132490E+00,-5.025E-03,-10.050E-03,-10.050E-03
-2.129990E+00,-5.025E-03,-10.050E-03,-10.050E-03
-2.127490E+00,-5.025E-03,-10.050E-03,-10.050E-03
-2.124990E+00,-5.025E-03,-10.050E-03,-10.050E-03
-2.122490E+00,-5.025E-03,-10.050E-03,-10.050E-03
-2.119990E+00,-5.025E-03,-10.050E-03,-10.050E-03
-2.117490E+00,-5.025E-03,-10.050E-03,-10.050E-03
-2.114990E+00,-5.025E-03,-10.050E-03,-10.050E-03
-2.112490E+00,-5.025E-03,-10.050E-03,-10.050E-03
-2.109990E+00,-5.025E-03,-10.050E-03,-10.050E-03
-2.107490E+00,-5.025E-03,-10.050E-03,-10.050E-03
-2.104990E+00,-5.025E-03,-10.050E-03,-10.050E-03
-2.102490E+00,-5.025E-03,-10.050E-03,-10.050E-03
-2.099990E+00,+3.135678E+00,-5.025E-03,-10.050E-03
-2.097490E+00,+3.135678E+00,-5.025E-03,-10.050E-03
-2.094990E+00,+3.135678E+00,-5.025E-03,-10.050E-03
-2.092490E+00,+3.135678E+00,-5.025E-03,-10.050E-03
-2.089990E+00,+3.135678E+00,-10.050E-03,-10.050E-03
-2.087490E+00,+3.135678E+00,-5.025E-03,-10.050E-03
-2.084990E+00,+3.135678E+00,-5.025E-03,-10.050E-03
-2.082490E+00,+3.135678E+00,-10.050E-03,-10.050E-03
-2.079990E+00,+3.135678E+00,-10.050E-03,-10.050E-03
-2.077490E+00,+3.135678E+00,-5.025E-03,-10.050E-03
-2.074990E+00,+3.135678E+00,-5.025E-03,-10.050E-03
-2.072490E+00,+3.135678E+00,-10.050E-03,-10.050E-03
-2.069990E+00,+3.135678E+00,-5.025E-03,-10.050E-03
-2.067490E+00,+3.135678E+00,-5.025E-03,-10.050E-03
-2.064990E+00,+3.135678E+00,-10.050E-03,-15.075E-03
-2.062490E+00,+3.135678E+00,-10.050E-03,-10.050E-03
-2.059990E+00,+3.135678E+00,-5.025E-03,-10.050E-03
-2.057490E+00,+3.135678E+00,-10.050E-03,-15.075E-03
-2.054990E+00,+3.135678E+00,-5.025E-03,-10.050E-03
-2.052490E+00,+3.135678E+00,-10.050E-03,-10.050E-03
-2.049990E+00,+3.135678E+00,-10.050E-03,-10.050E-03
-2.047490E+00,+3.135678E+00,-10.050E-03,-10.050E-03
-2.044990E+00,+3.135678E+00,-10.050E-03,-10.050E-03
-2.042490E+00,+3.135678E+00,-5.025E-03,-10.050E-03
-2.039990E+00,+3.135678E+00,-5.025E-03,-10.050E-03
-2.037490E+00,+3.135678E+00,-5.025E-03,-10.050E-03
-2.034990E+00,+3.135678E+00,-10.050E-03,-10.050E-03
-2.032490E+00,+3.135678E+00,-10.050E-03,-10.050E-03
-2.029990E+00,+3.135678E+00,-10.050E-03,-10.050E-03
-2.027490E+00,+3.135678E+00,-10.050E-03,-10.050E-03
-2.024990E+00,+3.135678E+00,-5.025E-03,+3.266332E+00
-2.022490E+00,+3.135678E+00,-10.050E-03,+3.266332E+00
-2.019990E+00,+3.135678E+00,-5.025E-03,+3.261306E+00
-2.017490E+00,+3.135678E+00,-10.050E-03,+3.266332E+00
-2.014990E+00,+3.135678E+00,-5.025E-03,+3.266332E+00
-2.012490E+00,+3.135678E+00,-10.050E-03,+3.266332E+00
-2.009990E+00,+3.135678E+00,-10.050E-03,+3.261306E+00
-2.007490E+00,+3.135678E+00,-10.050E-03,+3.266332E+00
-2.004990E+00,+3.135678E+00,-10.050E-03,+3.266332E+00
-2.002490E+00,+3.135678E+00,-10.050E-03,+3.261306E+00
-1.999990E+00,-5.025E-03,+3.286432E+00,-10.050E-03
-1.997490E+00,-5.025E-03,+3.286432E+00,-10.050E-03
-1.994990E+00,-5.025E-03,+3.286432E+00,-10.050E-03
-1.992490E+00,-5.025E-03,+3.286432E+00,-10.050E-03
-1.989990E+00,-5.025E-03,+3.286432E+00,-10.050E-03
-1.987490E+00,-5.025E-03,+3.286432E+00,-10.050E-03
-1.984990E+00,-5.025E-03,+3.286432E+00,-10.050E-03
-1.982490E+00,-5.025E-03,+3.286432E+00,-10.050E-03
-1.979990E+00,-5.025E-03,+3.286432E+00,-10.050E-03
-1.977490E+00,-5.025E-03,+3.286432E+00,-10.050E-03
-1.974990E+00,-5.025E-03,-10.050E-03,-10.050E-03
-1.972490E+00,-5.025E-03,-10.050E-03,-10.050E-03
-1.969990E+00,-5.025E-03,-10.050E-03,-10.050E-03
-1.967490E+00,-5.025E-03,-10.050E-03,-10.050E-03
-1.964990E+00,-5.025E-03,-10.050E-03,-10.050E-03
-1.962490E+00,-5.025E-03,-10.050E-03,-10.050E-03
-1.959990E+00,-5.025E-03,-10.050E-03,-10.050E-03
-1.957490E+00,-5.025E-03,-10.050E-03,-10.050E-03
-1.954990E+00,-5.025E-03,-10.050E-03,-10.050E-03
-1.952490E+00,-5.025E-03,-10.050E-03,-10.050E-03
-1.949990E+00,-5.025E-03,-10.050E-03,-10.050E-03
-1.947490E+00,-5.025E-03,-10.050E-03,-10.050E-03
-1.944990E+00,-5.025E-03,-10.050E-03,-10.050E-03
-1.942490E+00,-5.025E-03,-10.050E-03,-10.050E-03
-1.939990E+00,-5.025E-03,-10.050E-03,-10.050E-03
-1.937490E+00,-5.025E-03,-10.050E-03,-10.050E-03
-1.934990E+00,-5.025E-03,-10.050E-03,-10.050E-03
-1.932490E+00,-5.025E-03,-10.050E-03,-10.050E-03
-1.929990E+00,-5.025E-03,-10.050E-03,-10.050E-03
-1.927490E+00,-5.025E-03,-10.050E-03,-10.050E-03
-1.924990E+00,-5.025E-03,-10.050E-03,-10.050E-03
-1.922490E+00,-5.025E-03,-10.050E-03,-10.050E-03
-1.919990E+00,-5.025E-03,-10.050E-03,-10.050E-03
-1.917490E+00,-5.025E-03,-10.050E-03,-10.050E-03
-1.914990E+00,-5.025E-03,-10.050E-03,-10.050E-03
-1.912490E+00,-5.025E-03,-10.050E-03,-10.050E-03
-1.909990E+00,-5.025E-03,-10.050E-03,-10.050E-03
-1.907490E+00,-5.025E-03,-10.050E-03,-10.050E-03
-1.904990E+00,-5.025E-03,-10.050E-03,-10.050E-03
-1.902490E+00,-5.025E-03,-10.050E-03,-10.050E-03
-1.899990E+00,-5.025E-03,-10.050E-03,-10.050E-03
-1.897490E+00,-5.025E-03,-5.025E-03,-10.050E-03
-1.894990E+00,-5.025E-03,-5.025E-03,-10.050E-03
-1.892490E+00,-5.025E-03,-10.050E-03,-10.050E-03
-1.889990E+00,-5.025E-03,-10.050E-03,-10.050E-03
-1.887490E+00,-5.025E-03,-10.050E-03,-10.050E-03
-1.884990E+00,-5.025E-03,-10.050E-03,-10.050E-03
-1.882490E+00,-5.025E-03,-10.050E-03,-10.050E-03
-1.879990E+00,-5.025E-03,-10.050E-03,-10.050E-03
-1.877490E+00,-5.025E-03,-10.050E-03,-10.050E-03
-1.874990E+00,-5.025E-03,-10.050E-03,-10.050E-03
-1.872490E+00,-5.025E-03,-10.050E-03,-10.050E-03
-1.869990E+00,-5.025E-03,-10.050E-03,-10.050E-03
-1.867490E+00,-5.025E-03,-10.050E-03,-10.050E-03
-1.864990E+00,-5.025E-03,-10.050E-03,-10.050E-03
-1.862490E+00,-5.025E-03,-10.050E-03,-10.050E-03
-1.859990E+00,-5.025E-03,-10.050E-03,-10.050E-03
-1.857490E+00,-5.025E-03,-10.050E-03,-10.050E-03
-1.854990E+00,-5.025E-03,-10.050E-03,-10.050E-03
-1.852490E+00,-5.025E-03,-10.050E-03,-10.050E-03
-1.849990E+00,-5.025E-03,-10.050E-03,-10.050E-03
-1.847490E+00,-5.025E-03,-10.050E-03,-10.050E-03
-1.844990E+00,-5.025E-03,-10.050E-03,-10.050E-03
-1.842490E+00,-5.025E-03,-10.050E-03,-10.050E-03
-1.839990E+00,-5.025E-03,-10.050E-03,-10.050E-03
-1.837490E+00,-5.025E-03,-10.050E-03,-10.050E-03
-1.834990E+00,-5.025E-03,-10.050E-03,-10.050E-03
-1.832490E+00,-5.025E-03,-10.050E-03,-10.050E-03
-1.829990E+00,-5.025E-03,-10.050E-03,-10.050E-03
-1.827490E+00,-5.025E-03,-10.050E-03,-10.050E-03
-1.824990E+00,-5.025E-03,-10.050E-03,-10.050E-03
-1.822490E+00,-5.025E-03,-10.050E-03,-10.050E-03
-1.819990E+00,-5.025E-03,-10.050E-03,-10.050E-03
-1.817490E+00,-5.025E-03,-10.050E-03,-10.050E-03
-1.814990E+00,-5.025E-03,-10.050E-03,-10.050E-03
-1.812490E+00,-5.025E-03,-10.050E-03,-10.050E-03
-1.809990E+00,-5.025E-03,-10.050E-03,-10.050E-03
-1.807490E+00,-5.025E-03,-5.025E-03,-10.050E-03
-1.804990E+00,-5.025E-03,-10.050E-03,-10.050E-03
-1.802490E+00,-5.025E-03,-5.025E-03,-10.050E-03
-1.799990E+00,-5.025E-03,-5.025E-03,-10.050E-03
-1.797490E+00,-5.025E-03,-5.025E-03,-10.050E-03
-1.794990E+00,-5.025E-03,-5.025E-03,-10.050E-03
-1.792490E+00,-5.025E-03,-10.050E-03,-10.050E-03
-1.789990E+00,-5.025E-03,-10.050E-03,-10.050E-03
-1.787490E+00,-5.025E-03,-10.050E-03,-10.050E-03
-1.784990E+00,-5.025E-03,-10.050E-03,-10.050E-03
-1.782490E+00,-5.025E-03,-10.050E-03,-10.050E-03
-1.779990E+00,-5.025E-03,-10.050E-03,-10.050E-03
-1.777490E+00,-5.025E-03,-10.050E-03,-10.050E-03
-1.774990E+00,-5.025E-03,-10.050E-03,+3.266332E+00
-1.772490E+00,-5.025E-03,-10.050E-03,+3.266332E+00
-1.769990E+00,-5.025E-03,-10.050E-03,+3.261306E+00
-1.767490E+00,-5.025E-03,-10.050E-03,+3.261306E+00
-1.764990E+00,-5.025E-03,-10.050E-03,+3.266332E+00
-1.762490E+00,-5.025E-03,-10.050E-03,+3.266332E+00
-1.759990E+00,-5.025E-03,-10.050E-03,+3.266332E+00
-1.757490E+00,-5.025E-03,-10.050E-03,+3.266332E+00
-1.754990E+00,-5.025E-03,-10.050E-03,+3.266332E+00
-1.752490E+00,-5.025E-03,-10.050E-03,+3.266332E+00
-1.749990E+00,-5.025E-03,+3.286432E+00,-10.050E-03
-1.747490E+00,-5.025E-03,+3.286432E+00,-10.050E-03
-1.744990E+00,-5.025E-03,+3.286432E+00,-10.050E-03
-1.742490E+00,-5.025E-03,+3.286432E+00,-10.050E-03
-1.739990E+00,-5.025E-03,+3.286432E+00,-10.050E-03
-1.737490E+00,-5.025E-03,+3.286432E+00,-15.075E-03
-1.734990E+00,-5.025E-03,+3.286432E+00,-10.050E-03
-1.732490E+00,-5.025E-03,+3.286432E+00,-10.050E-03
-1.729990E+00,-5.025E-03,+3.286432E+00,-10.050E-03
-1.727490E+00,-5.025E-03,+3.286432E+00,-10.050E-03
-1.724990E+00,-5.025E-03,-10.050E-03,-10.050E-03
-1.722490E+00,-5.025E-03,-10.050E-03,-10.050E-03
-1.719990E+00,-5.025E-03,-10.050E-03,-10.050E-03
-1.717490E+00,-5.025E-03,-10.050E-03,-10.050E-03
-1.714990E+00,-5.025E-03,-10.050E-03,-10.050E-03
-1.712490E+00,-5.025E-03,-10.050E-03,-10.050E-03
-1.709990E+00,-5.025E-03,-10.050E-03,-10.050E-03
-1.707490E+00,-5.025E-03,-10.050E-03,-10.050E-03
-1.704990E+00,-5.025E-03,-5.025E-03,-10.050E-03
-1.702490E+00,-5.025E-03,-10.050E-03,-10.050E-03
-1.699990E+00,-5.025E-03,-10.050E-03,-10.050E-03
-1.697490E+00,-5.025E-03,-10.050E-03,-10.050E-03
-1.694990E+00,-5.025E-03,-10.050E-03,-10.050E-03
-1.692490E+00,-5.025E-03,-10.050E-03,-10.050E-03
-1.689990E+00,-5.025E-03,-10.050E-03,-10.050E-03
-1.687490E+00,-5.025E-03,-10.050E-03,-10.050E-03
-1.684990E+00,-5.025E-03,-10.050E-03,-10.050E-03
-1.682490E+00,-5.025E-03,-10.050E-03,-10.050E-03
-1.679990E+00,-5.025E-03,-10.050E-03,-10.050E-03
-1.677490E+00,-5.025E-03,-10.050E-03,-10.050E-03
-1.674990E+00,-5.025E-03,-10.050E-03,-10.050E-03
-1.672490E+00,-5.025E-03,-10.050E-03,-10.050E-03
-1.669990E+00,-5.025E-03,-10.050E-03,-10.050E-03
-1.667490E+00,-5.025E-03,-10.050E-03,-10.050E-03
-1.664990E+00,-5.025E-03,-10.050E-03,-10.050E-03
-1.662490E+00,-5.025E-03,-10.050E-03,-10.050E-03
-1.659990E+00,-5.025E-03,-10.050E-03,-10.050E-03
-1.657490E+00,-5.025E-03,-10.050E-03,-10.050E-03
-1.654990E+00,-5.025E-03,-10.050E-03,-10.050E-03
-1.652490E+00,-5.025E-03,-10.050E-03,-10.050E-03
-1.649990E+00,-5.025E-03,-10.050E-03,-10.050E-03
-1.647490E+00,-5.025E-03,-5.025E-03,-10.050E-03
-1.644990E+00,-5.025E-03,-10.050E-03,-10.050E-03
-1.642490E+00,-5.025E-03,-10.050E-03,-10.050E-03
-1.639990E+00,-5.025E-03,-10.050E-03,-10.050E-03
-1.637490E+00,-5.025E-03,-10.050E-03,-10.050E-03
-1.634990E+00,-5.025E-03,-10.050E-03,-10.050E-03
-1.632490E+00,-5.025E-03,-10.050E-03,-10.050E-03
-1.629990E+00,-5.025E-03,-10.050E-03,-10.050E-03
-1.627490E+00,-5.025E-03,-10.050E-03,-10.050E-03
-1.624990E+00,-5.025E-03,-10.050E-03,-10.050E-03
-1.622490E+00,-5.025E-03,-10.050E-03,-10.050E-03
-1.619990E+00,-5.025E-03,-10.050E-03,-10.050E-03
-1.617490E+00,-5.025E-03,-10.050E-03,-10.050E-03
-1.614990E+00,-5.025E-03,-10.050E-03,-10.050E-03
-1.612490E+00,-5.025E-03,-10.050E-03,-10.050E-03
-1.609990E+00,-5.025E-03,-10.050E-03,-10.050E-03
-1.607490E+00,-5.025E-03,-10.050E-03,-10.050E-03
-1.604990E+00,-5.025E-03,-10.050E-03,-10.050E-03
-1.602490E+00,-5.025E-03,-10.050E-03,-10.050E-03
-1.599990E+00,-5.025E-03,-10.050E-03,-10.050E-03
-1.597490E+00,-5.025E-03,-10.050E-03,-10.050E-03
-1.594990E+00,-5.025E-03,-10.050E-03,-10.050E-03
-1.592490E+00,-5.025E-03,-10.050E-03,-10.050E-03
-1.589990E+00,-5.025E-03,-5.025E-03,-10.050E-03
-1.587490E+00,-5.025E-03,-5.025E-03,-10.050E-03
-1.584990E+00,-5.025E-03,-10.050E-03,-10.050E-03
-1.582490E+00,-5.025E-03,-10.050E-03,-10.050E-03
-1.579990E+00,-5.025E-03,-10.050E-03,-10.050E-03
-1.577490E+00,-5.025E-03,-10.050E-03,-10.050E-03
-1.574990E+00,-5.025E-03,-10.050E-03,-10.050E-03
-1.572490E+00,-5.025E-03,-10.050E-03,-10.050E-03
-1.569990E+00,-5.025E-03,-10.050E-03,-10.050E-03
-1.567490E+00,-5.025E-03,-10.050E-03,-10.050E-03
-1.564990E+00,-5.025E-03,-10.050E-03,-10.050E-03
-1.562490E+00,-5.025E-03,-10.050E-03,-10.050E-03
-1.559990E+00,-5.025E-03,-10.050E-03,-10.050E-03
-1.557490E+00,-5.025E-03,-10.050E-03,-10.050E-03
-1.554990E+00,-5.025E-03,-10.050E-03,-10.050E-03
-1.552490E+00,-5.025E-03,-10.050E-03,-10.050E-03
-1.549990E+00,-5.025E-03,-10.050E-03,-10.050E-03
-1.547490E+00,-5.025E-03,-10.050E-03,-10.050E-03
-1.544990E+00,-5.025E-03,-10.050E-03,-10.050E-03
-1.542490E+00,-5.025E-03,-10.050E-03,-10.050E-03
-1.539990E+00,-5.025E-03,-10.050E-03,-10.050E-03
-1.537490E+00,-5.025E-03,-10.050E-03,-10.050E-03
-1.534990E+00,-5.025E-03,-10.050E-03,-10.050E-03
-1.532490E+00,-5.025E-03,-10.050E-03,-10.050E-03
-1.529990E+00,-5.025E-03,-10.050E-03,-10.050E-03
-1.527490E+00,-5.025E-03,-10.050E-03,-10.050E-03
-1.524990E+00,-5.025E-03,-10.050E-03,+3.261306E+00
-1.522490E+00,-5.025E-03,-10.050E-03,+3.266332E+00
-1.519990E+00,-5.025E-03,-10.050E-03,+3.261306E+00
-1.517490E+00,-5.025E-03,-10.050E-03,+3.261306E+00
-1.514990E+00,-5.025E-03,-10.050E-03,+3.261306E+00
-1.512490E+00,-5.025E-03,-10.050E-03,+3.266332E+00
-1.509990E+00,-5.025E-03,-10.050E-03,+3.266332E+00
-1.507490E+00,-5.025E-03,-10.050E-03,+3.261306E+00
-1.504990E+00,-5.025E-03,-10.050E-03,+3.266332E+00
-1.502490E+00,-5.025E-03,-10.050E-03,+3.266332E+00
-1.499990E+00,-5.025E-03,+3.286432E+00,-10.050E-03
-1.497490E+00,-5.025E-03,+3.286432E+00,-10.050E-03
-1.494990E+00,-5.025E-03,+3.286432E+00,-10.050E-03
-1.492490E+00,-5.025E-03,+3.286432E+00,-10.050E-03
-1.489990E+00,-5.025E-03,+3.286432E+00,-10.050E-03
-1.487490E+00,-5.025E-03,+3.286432E+00,-10.050E-03
-1.484990E+00,-5.025E-03,+3.286432E+00,-10.050E-03
-1.482490E+00,-5.025E-03,+3.286432E+00,-10.050E-03
-1.479990E+00,-5.025E-03,+3.286432E+00,-10.050E-03
-1.477490E+00,+0.0E+00,+3.286432E+00,-10.050E-03
-1.474990E+00,-5.025E-03,-10.050E-03,-10.050E-03
-1.472490E+00,-5.025E-03,-10.050E-03,-10.050E-03
-1.469990E+00,-5.025E-03,-10.050E-03,-10.050E-03
-1.467490E+00,-5.025E-03,-10.050E-03,-10.050E-03
-1.464990E+00,-5.025E-03,-10.050E-03,-10.050E-03
-1.462490E+00,-5.025E-03,-5.025E-03,-10.050E-03
-1.459990E+00,-5.025E-03,-10.050E-03,-10.050E-03
-1.457490E+00,-5.025E-03,-10.050E-03,-10.050E-03
-1.454990E+00,-5.025E-03,-10.050E-03,-10.050E-03
-1.452490E+00,-5.025E-03,-10.050E-03,-10.050E-03
-1.449990E+00,-5.025E-03,-10.050E-03,-10.050E-03
-1.447490E+00,-5.025E-03,-10.050E-03,-10.050E-03
-1.444990E+00,-5.025E-03,-10.050E-03,-10.050E-03
-1.442490E+00,-5.025E-03,-10.050E-03,-10.050E-03
-1.439990E+00,-5.025E-03,-10.050E-03,-10.050E-03
-1.437490E+00,-5.025E-03,-5.025E-03,-10.050E-03
-1.434990E+00,-5.025E-03,-5.025E-03,-10.050E-03
-1.432490E+00,-5.025E-03,-10.050E-03,-10.050E-03
-1.429990E+00,-5.025E-03,-10.050E-03,-10.050E-03
-1.427490E+00,-5.025E-03,-5.025E-03,-10.050E-03
-1.424990E+00,-5.025E-03,-5.025E-03,-10.050E-03
-1.422490E+00,-5.025E-03,-5.025E-03,-10.050E-03
-1.419990E+00,-5.025E-03,-5.025E-03,-10.050E-03
-1.417490E+00,-5.025E-03,-5.025E-03,-10.050E-03
-1.414990E+00,-5.025E-03,-10.050E-03,-10.050E-03
-1.412490E+00,-5.025E-03,-10.050E-03,-10.050E-03
-1.409990E+00,-5.025E-03,-10.050E-03,-10.050E-03
-1.407490E+00,-5.025E-03,-10.050E-03,-10.050E-03
-1.404990E+00,-5.025E-03,-10.050E-03,-10.050E-03
-1.402490E+00,-5.025E-03,-10.050E-03,-10.050E-03
-1.399990E+00,-5.025E-03,-10.050E-03,-10.050E-03
-1.397490E+00,-5.025E-03,-10.050E-03,-10.050E-03
-1.394990E+00,-5.025E-03,-10.050E-03,-10.050E-03
-1.392490E+00,-5.025E-03,-10.050E-03,-10.050E-03
-1.389990E+00,-5.025E-03,-10.050E-03,-10.050E-03
-1.387490E+00,-5.025E-03,-10.050E-03,-10.050E-03
-1.384990E+00,-5.025E-03,-10.050E-03,-10.050E-03
-1.382490E+00,-5.025E-03,-10.050E-03,-10.050E-03
-1.379990E+00,-5.025E-03,-10.050E-03,-10.050E-03
-1.377490E+00,-5.025E-03,-10.050E-03,-10.050E-03
-1.374990E+00,-5.025E-03,-5.025E-03,-10.050E-03
-1.372490E+00,-5.025E-03,-10.050E-03,-10.050E-03
-1.369990E+00,-5.025E-03,-10.050E-03,-10.050E-03
-1.367490E+00,-5.025E-03,-10.050E-03,-10.050E-03
-1.364990E+00,-5.025E-03,-5.025E-03,-10.050E-03
-1.362490E+00,-5.025E-03,-5.025E-03,-10.050E-03
-1.359990E+00,-5.025E-03,-10.050E-03,-10.050E-03
-1.357490E+00,-5.025E-03,-5.025E-03,-10.050E-03
-1.354990E+00,-5.025E-03,-5.025E-03,-10.050E-03
-1.352490E+00,-5.025E-03,-10.050E-03,-10.050E-03
-1.349990E+00,-5.025E-03,-10.050E-03,-10.050E-03
-1.347490E+00,-5.025E-03,-5.025E-03,-10.050E-03
-1.344990E+00,-5.025E-03,-5.025E-03,-10.050E-03
-1.342490E+00,-5.025E-03,-5.025E-03,-10.050E-03
-1.339990E+00,-5.025E-03,-10.050E-03,-10.050E-03
-1.337490E+00,-5.025E-03,-10.050E-03,-10.050E-03
-1.334990E+00,-5.025E-03,-10.050E-03,-10.050E-03
-1.332490E+00,-5.025E-03,-10.050E-03,-10.050E-03
-1.329990E+00,-5.025E-03,-10.050E-03,-10.050E-03
-1.327490E+00,-5.025E-03,-10.050E-03,-10.050E-03
-1.324990E+00,-5.025E-03,-10.050E-03,-10.050E-03
-1.322490E+00,-5.025E-03,-10.050E-03,-10.050E-03
-1.319990E+00,-5.025E-03,-10.050E-03,-10.050E-03
-1.317490E+00,-5.025E-03,-5.025E-03,-10.050E-03
-1.314990E+00,-5.025E-03,-10.050E-03,-10.050E-03
-1.312490E+00,-5.025E-03,-10.050E-03,-10.050E-03
-1.309990E+00,-5.025E-03,-10.050E-03,-10.050E-03
-1.307490E+00,-5.025E-03,-10.050E-03,-10.050E-03
-1.304990E+00,-5.025E-03,-10.050E-03,-10.050E-03
-1.302490E+00,-5.025E-03,-10.050E-03,-10.050E-03
-1.299990E+00,-5.025E-03,-10.050E-03,-10.050E-03
-1.297490E+00,-5.025E-03,-5.025E-03,-10.050E-03
-1.294990E+00,-5.025E-03,-5.025E-03,-10.050E-03
-1.292490E+00,-5.025E-03,-10.050E-03,-10.050E-03
-1.289990E+00,-5.025E-03,-10.050E-03,-10.050E-03
-1.287490E+00,-5.025E-03,-10.050E-03,-10.050E-03
-1.284990E+00,-5.025E-03,-10.050E-03,-10.050E-03
-1.282490E+00,-5.025E-03,-10.050E-03,-10.050E-03
-1.279990E+00,-5.025E-03,-10.050E-03,-10.050E-03
-1.277490E+00,-5.025E-03,-10.050E-03,-10.050E-03
-1.274990E+00,-5.025E-03,-5.025E-03,+3.266332E+00
-1.272490E+00,-5.025E-03,-10.050E-03,+3.266332E+00
-1.269990E+00,-5.025E-03,-10.050E-03,+3.261306E+00
-1.267490E+00,-5.025E-03,-10.050E-03,+3.266332E+00
-1.264990E+00,-5.025E-03,-10.050E-03,+3.266332E+00
-1.262490E+00,-5.025E-03,-10.050E-03,+3.266332E+00
-1.259990E+00,-5.025E-03,-10.050E-03,+3.266332E+00
-1.257490E+00,-5.025E-03,-10.050E-03,+3.261306E+00
-1.254990E+00,-5.025E-03,-10.050E-03,+3.261306E+00
-1.252490E+00,-5.025E-03,-10.050E-03,+3.261306E+00
-1.249990E+00,-5.025E-03,+3.286432E+00,-10.050E-03
-1.247490E+00,-5.025E-03,+3.286432E+00,-10.050E-03
-1.244990E+00,-5.025E-03,+3.286432E+00,-10.050E-03
-1.242490E+00,-5.025E-03,+3.286432E+00,-10.050E-03
-1.239990E+00,+0.0E+00,+3.286432E+00,-10.050E-03
-1.237490E+00,-5.025E-03,+3.286432E+00,-10.050E-03
-1.234990E+00,-5.025E-03,+3.286432E+00,-10.050E-03
-1.232490E+00,-5.025E-03,+3.286432E+00,-10.050E-03
-1.229990E+00,-5.025E-03,+3.286432E+00,-10.050E-03
-1.227490E+00,-5.025E-03,+3.286432E+00,-10.050E-03
-1.224990E+00,-5.025E-03,-10.050E-03,-10.050E-03
-1.222490E+00,-5.025E-03,-10.050E-03,-10.050E-03
-1.219990E+00,-5.025E-03,-10.050E-03,-10.050E-03
-1.217490E+00,-5.025E-03,-10.050E-03,-10.050E-03
-1.214990E+00,-5.025E-03,-10.050E-03,-10.050E-03
-1.212490E+00,-5.025E-03,-10.050E-03,-10.050E-03
-1.209990E+00,-5.025E-03,-10.050E-03,-10.050E-03
-1.207490E+00,-5.025E-03,-10.050E-03,-10.050E-03
-1.204990E+00,-5.025E-03,-10.050E-03,-10.050E-03
-1.202490E+00,-5.025E-03,-10.050E-03,-10.050E-03
-1.199990E+00,-5.025E-03,-10.050E-03,-10.050E-03
-1.197490E+00,-5.025E-03,-10.050E-03,-10.050E-03
-1.194990E+00,-5.025E-03,-10.050E-03,-10.050E-03
-1.192490E+00,-5.025E-03,-10.050E-03,-10.050E-03
-1.189990E+00,-5.025E-03,-5.025E-03,-10.050E-03
-1.187490E+00,-5.025E-03,-5.025E-03,-10.050E-03
-1.184990E+00,-5.025E-03,-10.050E-03,-10.050E-03
-1.182490E+00,-5.025E-03,-5.025E-03,-10.050E-03
-1.179990E+00,-5.025E-03,-5.025E-03,-10.050E-03
-1.177490E+00,-5.025E-03,-5.025E-03,-10.050E-03
-1.174990E+00,-5.025E-03,-10.050E-03,-10.050E-03
-1.172490E+00,-5.025E-03,-10.050E-03,-10.050E-03
-1.169990E+00,-5.025E-03,-5.025E-03,-10.050E-03
-1.167490E+00,-5.025E-03,-5.025E-03,-10.050E-03
-1.164990E+00,-5.025E-03,-5.025E-03,-10.050E-03
-1.162490E+00,-5.025E-03,-5.025E-03,-10.050E-03
-1.159990E+00,-5.025E-03,-5.025E-03,-10.050E-03
-1.157490E+00,-5.025E-03,-5.025E-03,-10.050E-03
-1.154990E+00,-5.025E-03,-5.025E-03,-10.050E-03
-1.152490E+00,-5.025E-03,-5.025E-03,-10.050E-03
-1.149990E+00,-5.025E-03,-5.025E-03,-10.050E-03
-1.147490E+00,-5.025E-03,-5.025E-03,-10.050E-03
-1.144990E+00,-5.025E-03,-5.025E-03,-10.050E-03
-1.142490E+00,-5.025E-03,-5.025E-03,-10.050E-03
-1.139990E+00,-5.025E-03,-10.050E-03,-10.050E-03
-1.137490E+00,-5.025E-03,-10.050E-03,-10.050E-03
-1.134990E+00,-5.025E-03,-5.025E-03,-10.050E-03
-1.132490E+00,-5.025E-03,-5.025E-03,-10.050E-03
-1.129990E+00,-5.025E-03,-10.050E-03,-10.050E-03
-1.127490E+00,-5.025E-03,-5.025E-03,-10.050E-03
-1.124990E+00,-5.025E-03,-5.025E-03,-10.050E-03
-1.122490E+00,-5.025E-03,-5.025E-03,-10.050E-03
-1.119990E+00,-5.025E-03,-5.025E-03,-10.050E-03
-1.117490E+00,-5.025E-03,-5.025E-03,-10.050E-03
-1.114990E+00,-5.025E-03,-10.050E-03,-10.050E-03
-1.112490E+00,-5.025E-03,-10.050E-03,-10.050E-03
-1.109990E+00,-5.025E-03,-10.050E-03,-10.050E-03
-1.107490E+00,-5.025E-03,-5.025E-03,-10.050E-03
-1.104990E+00,-5.025E-03,-10.050E-03,-10.050E-03
-1.102490E+00,-5.025E-03,-10.050E-03,-10.050E-03
-1.099990E+00,+3.135678E+00,-5.025E-03,-10.050E-03
-1.097490E+00,+3.135678E+00,-5.025E-03,-10.050E-03
-1.094990E+00,+3.135678E+00,-5.025E-03,-10.050E-03
-1.092490E+00,+3.135678E+00,-5.025E-03,-10.050E-03
-1.089990E+00,+3.135678E+00,-5.025E-03,-10.050E-03
-1.087490E+00,+3.135678E+00,-5.025E-03,-10.050E-03
-1.084990E+00,+3.135678E+00,-5.025E-03,-10.050E-03
-1.082490E+00,+3.135678E+00,-5.025E-03,-10.050E-03
-1.079990E+00,+3.135678E+00,-5.025E-03,-10.050E-03
-1.077490E+00,+3.135678E+00,-5.025E-03,-10.050E-03
-1.074990E+00,+3.135678E+00,-5.025E-03,-10.050E-03
-1.072490E+00,+3.135678E+00,-5.025E-03,-10.050E-03
-1.069990E+00,+3.135678E+00,-5.025E-03,-10.050E-03
-1.067490E+00,+3.135678E+00,-5.025E-03,-10.050E-03
-1.064990E+00,+3.135678E+00,-5.025E-03,-10.050E-03
-1.062490E+00,+3.135678E+00,-5.025E-03,-10.050E-03
-1.059990E+00,+3.135678E+00,-5.025E-03,-10.050E-03
-1.057490E+00,+3.135678E+00,-5.025E-03,-10.050E-03
-1.054990E+00,+3.135678E+00,-5.025E-03,-10.050E-03
-1.052490E+00,+3.135678E+00,-5.025E-03,-10.050E-03
-1.049990E+00,+3.135678E+00,-5.025E-03,-10.050E-03
-1.047490E+00,+3.135678E+00,-5.025E-03,-15.075E-03
-1.044990E+00,+3.135678E+00,-5.025E-03,-10.050E-03
-1.042490E+00,+3.135678E+00,-5.025E-03,-10.050E-03
-1.039990E+00,+3.135678E+00,-5.025E-03,-10.050E-03
-1.037490E+00,+3.135678E+00,-5.025E-03,-10.050E-03
-1.034990E+00,+3.135678E+00,-5.025E-03,-10.050E-03
-1.032490E+00,+3.135678E+00,-5.025E-03,-10.050E-03
-1.029990E+00,+3.135678E+00,-5.025E-03,-10.050E-03
-1.027490E+00,+3.135678E+00,-10.050E-03,-10.050E-03
-1.024990E+00,+3.135678E+00,-5.025E-03,+3.271357E+00
-1.022490E+00,+3.135678E+00,-5.025E-03,+3.266332E+00
-1.019990E+00,+3.135678E+00,-10.050E-03,+3.261306E+00
-1.017490E+00,+3.135678E+00,-5.025E-03,+3.261306E+00
-1.014990E+00,+3.135678E+00,-5.025E-03,+3.261306E+00
-1.012490E+00,+3.135678E+00,-5.025E-03,+3.266332E+00
-1.009990E+00,+3.135678E+00,-5.025E-03,+3.266332E+00
-1.007490E+00,+3.135678E+00,-5.025E-03,+3.266332E+00
-1.004990E+00,+3.135678E+00,-10.050E-03,+3.266332E+00
-1.002490E+00,+3.135678E+00,-5.025E-03,+3.266332E+00
-999.990E-03,-5.025E-03,+3.286432E+00,-10.050E-03
-997.490E-03,-5.025E-03,+3.286432E+00,-10.050E-03
-994.990E-03,-5.025E-03,+3.286432E+00,-10.050E-03
-992.490E-03,-5.025E-03,+3.286432E+00,-10.050E-03
-989.990E-03,-5.025E-03,+3.286432E+00,-10.050E-03
-987.490E-03,-5.025E-03,+3.286432E+00,-10.050E-03
-984.990E-03,-5.025E-03,+3.286432E+00,-10.050E-03
-982.490E-03,-5.025E-03,+3.286432E+00,-10.050E-03
-979.990E-03,-5.025E-03,+3.286432E+00,-10.050E-03
-977.490E-03,-5.025E-03,+3.286432E+00,-10.050E-03
-974.990E-03,-5.025E-03,-10.050E-03,-10.050E-03
-972.490E-03,-5.025E-03,-5.025E-03,-10.050E-03
-969.990E-03,-5.025E-03,-10.050E-03,-10.050E-03
-967.490E-03,-5.025E-03,-10.050E-03,-10.050E-03
-964.990E-03,-5.025E-03,-10.050E-03,-10.050E-03
-962.490E-03,-5.025E-03,-10.050E-03,-10.050E-03
-959.990E-03,-5.025E-03,-10.050E-03,-10.050E-03
-957.490E-03,-5.025E-03,-10.050E-03,-10.050E-03
-954.990E-03,-5.025E-03,-10.050E-03,-10.050E-03
-952.490E-03,-5.025E-03,-10.050E-03,-10.050E-03
-949.990E-03,-5.025E-03,-10.050E-03,-10.050E-03
-947.490E-03,-5.025E-03,-10.050E-03,-10.050E-03
-944.990E-03,-5.025E-03,-10.050E-03,-10.050E-03
-942.490E-03,-5.025E-03,-10.050E-03,-10.050E-03
-939.990E-03,-5.025E-03,-5.025E-03,-10.050E-03
-937.490E-03,-5.025E-03,-10.050E-03,-10.050E-03
-934.990E-03,-5.025E-03,-10.050E-03,-10.050E-03
-932.490E-03,-5.025E-03,-10.050E-03,-10.050E-03
-929.990E-03,-5.025E-03,-10.050E-03,-10.050E-03
-927.490E-03,-5.025E-03,-10.050E-03,-10.050E-03
-924.990E-03,-5.025E-03,-10.050E-03,-10.050E-03
-922.490E-03,-5.025E-03,-10.050E-03,-10.050E-03
-919.990E-03,-5.025E-03,-10.050E-03,-10.050E-03
-917.490E-03,-5.025E-03,-10.050E-03,-10.050E-03
-914.990E-03,-5.025E-03,-10.050E-03,-10.050E-03
-912.490E-03,-5.025E-03,-10.050E-03,-10.050E-03
-909.990E-03,-5.025E-03,-10.050E-03,-10.050E-03
-907.490E-03,-5.025E-03,-10.050E-03,-10.050E-03
-904.990E-03,-5.025E-03,-10.050E-03,-10.050E-03
-902.490E-03,-5.025E-03,-10.050E-03,-10.050E-03
-899.990E-03,-5.025E-03,-10.050E-03,-10.050E-03
-897.490E-03,-5.025E-03,-5.025E-03,-10.050E-03
-894.990E-03,-5.025E-03,-10.050E-03,-10.050E-03
-892.490E-03,-5.025E-03,-10.050E-03,-10.050E-03
-889.990E-03,-5.025E-03,-10.050E-03,-10.050E-03
-887.490E-03,-5.025E-03,-10.050E-03,-10.050E-03
-884.990E-03,-5.025E-03,-10.050E-03,-10.050E-03
-882.490E-03,-5.025E-03,-10.050E-03,-10.050E-03
-879.990E-03,-5.025E-03,-5.025E-03,-10.050E-03
-877.490E-03,-5.025E-03,-5.025E-03,-10.050E-03
-874.990E-03,-5.025E-03,-10.050E-03,-10.050E-03
-872.490E-03,-5.025E-03,-5.025E-03,-10.050E-03
-869.990E-03,-5.025E-03,-10.050E-03,-10.050E-03
-867.490E-03,-5.025E-03,-10.050E-03,-10.050E-03
-864.990E-03,-5.025E-03,-10.050E-03,-10.050E-03
-862.490E-03,-5.025E-03,-10.050E-03,-10.050E-03
-859.990E-03,-5.025E-03,-10.050E-03,-10.050E-03
-857.490E-03,-5.025E-03,-10.050E-03,-10.050E-03
-854.990E-03,-5.025E-03,-10.050E-03,-10.050E-03
-852.490E-03,-5.025E-03,-10.050E-03,-10.050E-03
-849.990E-03,-5.025E-03,-10.050E-03,-10.050E-03
-847.490E-03,-5.025E-03,-10.050E-03,-10.050E-03
-844.990E-03,-5.025E-03,-10.050E-03,-10.050E-03
-842.490E-03,-5.025E-03,-10.050E-03,-10.050E-03
-839.990E-03,-5.025E-03,-5.025E-03,-10.050E-03
-837.490E-03,-5.025E-03,-5.025E-03,-10.050E-03
-834.990E-03,-5.025E-03,-10.050E-03,-10.050E-03
-832.490E-03,-5.025E-03,-10.050E-03,-10.050E-03
-829.990E-03,-5.025E-03,-5.025E-03,-10.050E-03
-827.490E-03,-5.025E-03,-5.025E-03,-10.050E-03
-824.990E-03,-5.025E-03,-5.025E-03,-10.050E-03
-822.490E-03,-5.025E-03,-5.025E-03,-10.050E-03
-819.990E-03,-5.025E-03,-5.025E-03,-10.050E-03
-817.490E-03,-5.025E-03,-5.025E-03,-10.050E-03
-814.990E-03,-5.025E-03,-5.025E-03,-10.050E-03
-812.490E-03,-5.025E-03,-5.025E-03,-10.050E-03
-809.990E-03,-5.025E-03,-5.025E-03,-10.050E-03
-807.490E-03,-5.025E-03,-5.025E-03,-10.050E-03
-804.990E-03,-5.025E-03,-5.025E-03,-10.050E-03
-802.490E-03,-5.025E-03,-5.025E-03,-10.050E-03
-799.990E-03,-5.025E-03,-5.025E-03,-10.050E-03
-797.490E-03,-5.025E-03,-5.025E-03,-10.050E-03
-794.990E-03,-5.025E-03,-10.050E-03,-10.050E-03
-792.490E-03,-5.025E-03,-5.025E-03,-10.050E-03
-789.990E-03,-5.025E-03,-5.025E-03,-10.050E-03
-787.490E-03,-5.025E-03,-5.025E-03,-10.050E-03
-784.990E-03,-5.025E-03,-10.050E-03,-10.050E-03
-782.490E-03,-5.025E-03,-5.025E-03,-10.050E-03
-779.990E-03,-5.025E-03,-5.025E-03,-10.050E-03
-777.490E-03,-5.025E-03,-5.025E-03,-10.050E-03
-774.990E-03,-5.025E-03,-10.050E-03,+3.266332E+00
-772.490E-03,-5.025E-03,-10.050E-03,+3.266332E+00
-769.990E-03,-5.025E-03,-10.050E-03,+3.266332E+00
-767.490E-03,-5.025E-03,-10.050E-03,+3.266332E+00
-764.990E-03,-5.025E-03,-5.025E-03,+3.266332E+00
-762.490E-03,-5.025E-03,-10.050E-03,+3.266332E+00
-759.990E-03,-5.025E-03,-10.050E-03,+3.266332E+00
-757.490E-03,-5.025E-03,-10.050E-03,+3.266332E+00
-754.990E-03,-5.025E-03,-5.025E-03,+3.266332E+00
-752.490E-03,-5.025E-03,-10.050E-03,+3.266332E+00
-749.990E-03,-5.025E-03,+3.286432E+00,-10.050E-03
-747.490E-03,-5.025E-03,+3.286432E+00,-10.050E-03
-744.990E-03,-5.025E-03,+3.286432E+00,-10.050E-03
-742.490E-03,-5.025E-03,+3.286432E+00,-10.050E-03
-739.990E-03,+0.0E+00,+3.286432E+00,-10.050E-03
-737.490E-03,-5.025E-03,+3.286432E+00,-10.050E-03
-734.990E-03,-5.025E-03,+3.286432E+00,-10.050E-03
-732.490E-03,-5.025E-03,+3.286432E+00,-10.050E-03
-729.990E-03,-5.025E-03,+3.286432E+00,-10.050E-03
-727.490E-03,-5.025E-03,+3.286432E+00,-10.050E-03
-724.990E-03,-5.025E-03,-10.050E-03,-10.050E-03
-722.490E-03,-5.025E-03,-10.050E-03,-10.050E-03
-719.990E-03,-5.025E-03,-5.025E-03,-10.050E-03
-717.490E-03,-5.025E-03,-5.025E-03,-10.050E-03
-714.990E-03,-5.025E-03,-10.050E-03,-10.050E-03
-712.490E-03,-5.025E-03,-5.025E-03,-10.050E-03
-709.990E-03,-5.025E-03,-5.025E-03,-10.050E-03
-707.490E-03,-5.025E-03,-10.050E-03,-10.050E-03
-704.990E-03,-5.025E-03,-10.050E-03,-10.050E-03
-702.490E-03,-5.025E-03,-10.050E-03,-10.050E-03
-699.990E-03,-5.025E-03,-5.025E-03,-10.050E-03
-697.490E-03,-5.025E-03,-10.050E-03,-10.050E-03
-694.990E-03,-5.025E-03,-10.050E-03,-10.050E-03
-692.490E-03,-5.025E-03,-10.050E-03,-10.050E-03
-689.990E-03,-5.025E-03,-10.050E-03,-10.050E-03
-687.490E-03,-5.025E-03,-10.050E-03,-10.050E-03
-684.990E-03,-5.025E-03,-10.050E-03,-10.050E-03
-682.490E-03,-5.025E-03,-10.050E-03,-10.050E-03
-679.990E-03,-5.025E-03,-10.050E-03,-10.050E-03
-677.490E-03,-5.025E-03,-10.050E-03,-10.050E-03
-674.990E-03,-5.025E-03,-10.050E-03,-10.050E-03
-672.490E-03,-5.025E-03,-10.050E-03,-10.050E-03
-669.990E-03,-5.025E-03,-10.050E-03,-10.050E-03
-667.490E-03,-5.025E-03,-5.025E-03,-10.050E-03
-664.990E-03,-5.025E-03,-10.050E-03,-10.050E-03
-662.490E-03,-5.025E-03,-5.025E-03,-10.050E-03
-659.990E-03,-5.025E-03,-5.025E-03,-10.050E-03
-657.490E-03,-5.025E-03,-10.050E-03,-10.050E-03
-654.990E-03,-5.025E-03,-5.025E-03,-10.050E-03
-652.490E-03,-5.025E-03,-5.025E-03,-10.050E-03
-649.990E-03,-5.025E-03,-10.050E-03,-10.050E-03
-647.490E-03,-5.025E-03,-10.050E-03,-10.050E-03
-644.990E-03,-5.025E-03,-10.050E-03,-10.050E-03
-642.490E-03,-5.025E-03,-10.050E-03,-10.050E-03
-639.990E-03,-5.025E-03,-5.025E-03,-10.050E-03
-637.490E-03,-5.025E-03,-5.025E-03,-10.050E-03
-634.990E-03,-5.025E-03,-10.050E-03,-10.050E-03
-632.490E-03,-5.025E-03,-10.050E-03,-10.050E-03
-629.990E-03,-5.025E-03,-10.050E-03,-10.050E-03
-627.490E-03,-5.025E-03,-10.050E-03,-10.050E-03
-624.990E-03,-5.025E-03,-10.050E-03,-10.050E-03
-622.490E-03,-5.025E-03,-10.050E-03,-10.050E-03
-619.990E-03,-5.025E-03,-5.025E-03,-10.050E-03
-617.490E-03,-5.025E-03,-5.025E-03,-10.050E-03
-614.990E-03,-5.025E-03,-5.025E-03,-10.050E-03
-612.490E-03,-5.025E-03,-10.050E-03,-10.050E-03
-609.990E-03,-5.025E-03,-5.025E-03,-10.050E-03
-607.490E-03,-5.025E-03,-10.050E-03,-10.050E-03
-604.990E-03,-5.025E-03,-10.050E-03,-10.050E-03
-602.490E-03,-5.025E-03,-10.050E-03,-10.050E-03
-599.990E-03,-5.025E-03,-10.050E-03,-10.050E-03
-597.490E-03,-5.025E-03,-10.050E-03,-10.050E-03
-594.990E-03,-5.025E-03,-10.050E-03,-10.050E-03
-592.490E-03,-5.025E-03,-5.025E-03,-10.050E-03
-589.990E-03,-5.025E-03,-10.050E-03,-10.050E-03
-587.490E-03,-5.025E-03,-10.050E-03,-10.050E-03
-584.990E-03,-5.025E-03,-5.025E-03,-10.050E-03
-582.490E-03,-5.025E-03,-10.050E-03,-10.050E-03
-579.990E-03,-5.025E-03,-10.050E-03,-10.050E-03
-577.490E-03,-5.025E-03,-5.025E-03,-10.050E-03
-574.990E-03,-5.025E-03,-10.050E-03,-10.050E-03
-572.490E-03,-5.025E-03,-10.050E-03,-10.050E-03
-569.990E-03,-5.025E-03,-10.050E-03,-10.050E-03
-567.490E-03,-5.025E-03,-10.050E-03,-10.050E-03
-564.990E-03,-5.025E-03,-10.050E-03,-10.050E-03
-562.490E-03,-5.025E-03,-5.025E-03,-10.050E-03
-559.990E-03,-5.025E-03,-10.050E-03,-10.050E-03
-557.490E-03,-5.025E-03,-5.025E-03,-10.050E-03
-554.990E-03,-5.025E-03,-5.025E-03,-10.050E-03
-552.490E-03,-5.025E-03,-10.050E-03,-10.050E-03
-549.990E-03,-5.025E-03,-5.025E-03,-10.050E-03
-547.490E-03,-5.025E-03,-10.050E-03,-10.050E-03
-544.990E-03,-5.025E-03,-5.025E-03,-10.050E-03
-542.490E-03,-5.025E-03,-10.050E-03,-10.050E-03
-539.990E-03,-5.025E-03,-10.050E-03,-10.050E-03
-537.490E-03,-5.025E-03,-10.050E-03,-10.050E-03
-534.990E-03,-5.025E-03,-10.050E-03,-10.050E-03
-532.490E-03,-5.025E-03,-10.050E-03,-10.050E-03
-529.990E-03,-5.025E-03,-10.050E-03,-10.050E-03
-527.490E-03,-5.025E-03,-10.050E-03,-10.050E-03
-524.990E-03,-5.025E-03,-10.050E-03,+3.261306E+00
-522.490E-03,-5.025E-03,-10.050E-03,+3.261306E+00
-519.990E-03,-5.025E-03,-10.050E-03,+3.261306E+00
-517.490E-03,-5.025E-03,-10.050E-03,+3.261306E+00
-514.990E-03,-5.025E-03,-10.050E-03,+3.266332E+00
-512.490E-03,-5.025E-03,-10.050E-03,+3.261306E+00
-509.990E-03,-5.025E-03,-5.025E-03,+3.261306E+00
-507.490E-03,-5.025E-03,-10.050E-03,+3.266332E+00
-504.990E-03,-5.025E-03,-10.050E-03,+3.266332E+00
-502.490E-03,-5.025E-03,-10.050E-03,+3.266332E+00
-499.990E-03,+0.0E+00,+3.286432E+00,-10.050E-03
-497.490E-03,+0.0E+00,+3.286432E+00,-10.050E-03
-494.990E-03,+0.0E+00,+3.286432E+00,-10.050E-03
-492.490E-03,-5.025E-03,+3.286432E+00,-10.050E-03
-489.990E-03,+0.0E+00,+3.286432E+00,-10.050E-03
-487.490E-03,-5.025E-03,+3.286432E+00,-10.050E-03
-484.990E-03,-5.025E-03,+3.286432E+00,-10.050E-03
-482.490E-03,-5.025E-03,+3.286432E+00,-10.050E-03
-479.990E-03,-5.025E-03,+3.286432E+00,-10.050E-03
-477.490E-03,+0.0E+00,+3.286432E+00,-10.050E-03
-474.990E-03,-5.025E-03,-10.050E-03,-10.050E-03
-472.490E-03,-5.025E-03,-10.050E-03,-10.050E-03
-469.990E-03,-5.025E-03,-10.050E-03,-10.050E-03
-467.490E-03,-5.025E-03,-10.050E-03,-10.050E-03
-464.990E-03,-5.025E-03,-10.050E-03,-10.050E-03
-462.490E-03,-5.025E-03,-10.050E-03,-10.050E-03
-459.990E-03,-5.025E-03,-10.050E-03,-10.050E-03
-457.490E-03,-5.025E-03,-10.050E-03,-10.050E-03
-454.990E-03,-5.025E-03,-5.025E-03,-10.050E-03
-452.490E-03,-5.025E-03,-10.050E-03,-10.050E-03
-449.990E-03,-5.025E-03,-10.050E-03,-10.050E-03
-447.490E-03,-5.025E-03,-10.050E-03,-10.050E-03
-444.990E-03,-5.025E-03,-10.050E-03,-10.050E-03
-442.490E-03,-5.025E-03,-10.050E-03,-10.050E-03
-439.990E-03,-5.025E-03,-10.050E-03,-10.050E-03
-437.490E-03,-5.025E-03,-10.050E-03,-10.050E-03
-434.990E-03,-5.025E-03,-10.050E-03,-10.050E-03
-432.490E-03,-5.025E-03,-10.050E-03,-10.050E-03
-429.990E-03,-5.025E-03,-10.050E-03,-10.050E-03
-427.490E-03,-5.025E-03,-10.050E-03,-10.050E-03
-424.990E-03,-5.025E-03,-10.050E-03,-10.050E-03
-422.490E-03,-5.025E-03,-10.050E-03,-10.050E-03
-419.990E-03,-5.025E-03,-10.050E-03,-10.050E-03
-417.490E-03,-5.025E-03,-10.050E-03,-10.050E-03
-414.990E-03,-5.025E-03,-10.050E-03,-10.050E-03
-412.490E-03,-5.025E-03,-10.050E-03,-10.050E-03
-409.990E-03,-5.025E-03,-10.050E-03,-10.050E-03
-407.490E-03,-5.025E-03,-10.050E-03,-10.050E-03
-404.990E-03,-5.025E-03,-10.050E-03,-10.050E-03
-402.490E-03,-5.025E-03,-10.050E-03,-10.050E-03
-399.990E-03,-5.025E-03,-10.050E-03,-10.050E-03
-397.490E-03,-5.025E-03,-10.050E-03,-10.050E-03
-394.990E-03,-5.025E-03,-10.050E-03,-10.050E-03
-392.490E-03,-5.025E-03,-10.050E-03,-10.050E-03
-389.990E-03,-5.025E-03,-10.050E-03,-10.050E-03
-387.490E-03,-5.025E-03,-10.050E-03,-10.050E-03
-384.990E-03,-5.025E-03,-10.050E-03,-10.050E-03
-382.490E-03,-5.025E-03,-10.050E-03,-10.050E-03
-379.990E-03,-5.025E-03,-10.050E-03,-10.050E-03
-377.490E-03,-5.025E-03,-10.050E-03,-10.050E-03
-374.990E-03,-5.025E-03,-10.050E-03,-10.050E-03
-372.490E-03,-5.025E-03,-10.050E-03,-10.050E-03
-369.990E-03,-5.025E-03,-10.050E-03,-10.050E-03
-367.490E-03,-5.025E-03,-10.050E-03,-10.050E-03
-364.990E-03,-5.025E-03,-10.050E-03,-10.050E-03
-362.490E-03,-5.025E-03,-10.050E-03,-10.050E-03
-359.990E-03,-5.025E-03,-10.050E-03,-10.050E-03
-357.490E-03,-5.025E-03,-10.050E-03,-10.050E-03
-354.990E-03,-5.025E-03,-10.050E-03,-10.050E-03
-352.490E-03,-5.025E-03,-10.050E-03,-10.050E-03
-349.990E-03,-5.025E-03,-10.050E-03,-10.050E-03
-347.490E-03,-5.025E-03,-10.050E-03,-10.050E-03
-344.990E-03,-5.025E-03,-10.050E-03,-10.050E-03
-342.490E-03,-5.025E-03,-10.050E-03,-10.050E-03
-339.990E-03,-5.025E-03,-10.050E-03,-10.050E-03
-337.490E-03,-5.025E-03,-10.050E-03,-10.050E-03
-334.990E-03,-5.025E-03,-10.050E-03,-10.050E-03
-332.490E-03,-5.025E-03,-10.050E-03,-10.050E-03
-329.990E-03,-5.025E-03,-10.050E-03,-10.050E-03
-327.490E-03,-5.025E-03,-10.050E-03,-10.050E-03
-324.990E-03,-5.025E-03,-10.050E-03,-10.050E-03
-322.490E-03,-5.025E-03,-10.050E-03,-10.050E-03
-319.990E-03,-5.025E-03,-10.050E-03,-10.050E-03
-317.490E-03,-5.025E-03,-10.050E-03,-10.050E-03
-314.990E-03,-5.025E-03,-10.050E-03,-10.050E-03
-312.490E-03,-5.025E-03,-10.050E-03,-10.050E-03
-309.990E-03,-5.025E-03,-10.050E-03,-10.050E-03
-307.490E-03,-5.025E-03,-10.050E-03,-10.050E-03
-304.990E-03,-5.025E-03,-10.050E-03,-10.050E-03
-302.490E-03,-5.025E-03,-10.050E-03,-10.050E-03
-299.990E-03,-5.025E-03,-10.050E-03,-10.050E-03
-297.490E-03,-5.025E-03,-10.050E-03,-10.050E-03
-294.990E-03,-5.025E-03,-10.050E-03,-10.050E-03
-292.490E-03,-5.025E-03,-10.050E-03,-10.050E-03
-289.990E-03,-5.025E-03,-5.025E-03,-10.050E-03
-287.490E-03,-5.025E-03,-10.050E-03,-10.050E-03
-284.990E-03,-5.025E-03,-10.050E-03,-10.050E-03
-282.490E-03,-5.025E-03,-10.050E-03,-10.050E-03
-279.990E-03,-5.025E-03,-10.050E-03,-10.050E-03
-277.490E-03,-5.025E-03,-10.050E-03,-10.050E-03
-274.990E-03,-5.025E-03,-10.050E-03,+3.261306E+00
-272.490E-03,-5.025E-03,-10.050E-03,+3.261306E+00
-269.990E-03,-5.025E-03,-10.050E-03,+3.261306E+00
-267.490E-03,-5.025E-03,-10.050E-03,+3.266332E+00
-264.990E-03,-5.025E-03,-10.050E-03,+3.261306E+00
-262.490E-03,-5.025E-03,-10.050E-03,+3.261306E+00
-259.990E-03,-5.025E-03,-10.050E-03,+3.261306E+00
-257.490E-03,-5.025E-03,-10.050E-03,+3.261306E+00
-254.990E-03,-5.025E-03,-10.050E-03,+3.261306E+00
-252.490E-03,-5.025E-03,-10.050E-03,+3.261306E+00
-249.990E-03,-5.025E-03,+3.286432E+00,-10.050E-03
-247.490E-03,-5.025E-03,+3.286432E+00,-10.050E-03
-244.990E-03,+0.0E+00,+3.286432E+00,-10.050E-03
-242.490E-03,-5.025E-03,+3.286432E+00,-10.050E-03
-239.990E-03,+0.0E+00,+3.286432E+00,-10.050E-03
-237.490E-03,-5.025E-03,+3.286432E+00,-10.050E-03
-234.990E-03,-5.025E-03,+3.286432E+00,-10.050E-03
-232.490E-03,-5.025E-03,+3.286432E+00,-10.050E-03
-229.990E-03,+0.0E+00,+3.286432E+00,-10.050E-03
-227.490E-03,+0.0E+00,+3.286432E+00,-10.050E-03
-224.990E-03,-5.025E-03,-10.050E-03,-10.050E-03
-222.490E-03,-5.025E-03,-10.050E-03,-10.050E-03
-219.990E-03,-5.025E-03,-10.050E-03,-10.050E-03
-217.490E-03,-5.025E-03,-10.050E-03,-10.050E-03
-214.990E-03,-5.025E-03,-10.050E-03,-10.050E-03
-212.490E-03,-5.025E-03,-10.050E-03,-10.050E-03
-209.990E-03,-5.025E-03,-10.050E-03,-10.050E-03
-207.490E-03,-5.025E-03,-10.050E-03,-10.050E-03
-204.990E-03,-5.025E-03,-10.050E-03,-10.050E-03
-202.490E-03,-5.025E-03,-10.050E-03,-10.050E-03
-199.990E-03,-5.025E-03,-10.050E-03,-10.050E-03
-197.490E-03,-5.025E-03,-10.050E-03,-10.050E-03
-194.990E-03,-5.025E-03,-10.050E-03,-10.050E-03
-192.490E-03,-5.025E-03,-10.050E-03,-10.050E-03
-189.990E-03,-5.025E-03,-10.050E-03,-10.050E-03
-187.490E-03,-5.025E-03,-10.050E-03,-10.050E-03
-184.990E-03,-5.025E-03,-10.050E-03,-10.050E-03
-182.490E-03,-5.025E-03,-10.050E-03,-10.050E-03
-179.990E-03,-5.025E-03,-10.050E-03,-10.050E-03
-177.490E-03,-5.025E-03,-10.050E-03,-10.050E-03
-174.990E-03,-5.025E-03,-10.050E-03,-10.050E-03
-172.490E-03,-5.025E-03,-10.050E-03,-10.050E-03
-169.990E-03,-5.025E-03,-10.050E-03,-10.050E-03
-167.490E-03,-5.025E-03,-10.050E-03,-10.050E-03
-164.990E-03,-5.025E-03,-10.050E-03,-10.050E-03
-162.490E-03,-5.025E-03,-10.050E-03,-10.050E-03
-159.990E-03,-5.025E-03,-10.050E-03,-10.050E-03
-157.490E-03,-5.025E-03,-10.050E-03,-10.050E-03
-154.990E-03,-5.025E-03,-10.050E-03,-10.050E-03
-152.490E-03,-5.025E-03,-10.050E-03,-10.050E-03
-149.990E-03,-5.025E-03,-10.050E-03,-10.050E-03
-147.490E-03,-5.025E-03,-10.050E-03,-10.050E-03
-144.990E-03,-5.025E-03,-10.050E-03,-10.050E-03
-142.490E-03,-5.025E-03,-10.050E-03,-10.050E-03
-139.990E-03,-5.025E-03,-10.050E-03,-10.050E-03
-137.490E-03,-5.025E-03,-10.050E-03,-10.050E-03
-134.990E-03,-5.025E-03,-10.050E-03,-10.050E-03
-132.490E-03,-5.025E-03,-10.050E-03,-10.050E-03
-129.990E-03,-5.025E-03,-10.050E-03,-10.050E-03
-127.490E-03,-5.025E-03,-10.050E-03,-10.050E-03
-124.990E-03,-5.025E-03,-10.050E-03,-10.050E-03
-122.490E-03,-5.025E-03,-10.050E-03,-10.050E-03
-119.990E-03,-5.025E-03,-10.050E-03,-10.050E-03
-117.490E-03,-5.025E-03,-10.050E-03,-10.050E-03
-114.990E-03,-5.025E-03,-10.050E-03,-10.050E-03
-112.490E-03,-5.025E-03,-10.050E-03,-10.050E-03
-109.990E-03,-5.025E-03,-10.050E-03,-10.050E-03
-107.490E-03,-5.025E-03,-10.050E-03,-10.050E-03
-104.990E-03,-5.025E-03,-10.050E-03,-10.050E-03
-102.490E-03,-5.025E-03,-10.050E-03,-10.050E-03
-99.990E-03,+3.135678E+00,-5.025E-03,-10.050E-03
-97.490E-03,+3.135678E+00,-10.050E-03,-10.050E-03
-94.990E-03,+3.135678E+00,-10.050E-03,-10.050E-03
-92.490E-03,+3.135678E+00,-10.050E-03,-10.050E-03
-89.990E-03,+3.135678E+00,-10.050E-03,-10.050E-03
-87.490E-03,+3.135678E+00,-10.050E-03,-10.050E-03
-84.990E-03,+3.135678E+00,-10.050E-03,-10.050E-03
-82.490E-03,+3.135678E+00,-10.050E-03,-10.050E-03
-79.990E-03,+3.135678E+00,-10.050E-03,-10.050E-03
-77.490E-03,+3.135678E+00,-10.050E-03,-10.050E-03
-74.990E-03,+3.135678E+00,-10.050E-03,-10.050E-03
-72.490E-03,+3.135678E+00,-10.050E-03,-10.050E-03
-69.990E-03,+3.135678E+00,-10.050E-03,-10.050E-03
-67.490E-03,+3.135678E+00,-5.025E-03,-10.050E-03
-64.990E-03,+3.135678E+00,-10.050E-03,-10.050E-03
-62.490E-03,+3.135678E+00,-10.050E-03,-10.050E-03
-59.990E-03,+3.135678E+00,-10.050E-03,-10.050E-03
-57.490E-03,+3.135678E+00,-10.050E-03,-10.050E-03
-54.990E-03,+3.135678E+00,-10.050E-03,-10.050E-03
-52.490E-03,+3.135678E+00,-10.050E-03,-10.050E-03
-49.990E-03,+3.135678E+00,-10.050E-03,-10.050E-03
-47.490E-03,+3.135678E+00,-5.025E-03,-10.050E-03
-44.990E-03,+3.135678E+00,-10.050E-03,-10.050E-03
-42.490E-03,+3.135678E+00,-5.025E-03,-10.050E-03
-39.990E-03,+3.135678E+00,-5.025E-03,-10.050E-03
-37.490E-03,+3.135678E+00,-5.025E-03,-10.050E-03
-34.990E-03,+3.135678E+00,-5.025E-03,-10.050E-03
-32.490E-03,+3.135678E+00,-10.050E-03,-10.050E-03
-29.990E-03,+3.135678E+00,-10.050E-03,-10.050E-03
-27.490E-03,+3.135678E+00,-10.050E-03,-10.050E-03
-24.990E-03,+3.135678E+00,-10.050E-03,+3.266332E+00
-22.490E-03,+3.135678E+00,-10.050E-03,+3.266332E+00
-19.990E-03,+3.135678E+00,-10.050E-03,+3.266332E+00
-17.490E-03,+3.135678E+00,-10.050E-03,+3.266332E+00
-14.990E-03,+3.135678E+00,-10.050E-03,+3.266332E+00
-12.490E-03,+3.135678E+00,-10.050E-03,+3.266332E+00
-9.990E-03,+3.135678E+00,-10.050E-03,+3.266332E+00
-7.490E-03,+3.135678E+00,-10.050E-03,+3.266332E+00
-4.990E-03,+3.135678E+00,-5.025E-03,+3.266332E+00
-2.490E-03,+3.135678E+00,-10.050E-03,+3.261306E+00
+10E-06,-5.025E-03,+3.286432E+00,-10.050E-03
+2.510E-03,-5.025E-03,+3.286432E+00,-10.050E-03
+5.010E-03,-5.025E-03,+3.286432E+00,-10.050E-03
+7.510E-03,-5.025E-03,+3.286432E+00,-10.050E-03
+10.010E-03,-5.025E-03,+3.286432E+00,-10.050E-03
+12.510E-03,-5.025E-03,+3.281407E+00,-10.050E-03
+15.010E-03,-5.025E-03,+3.281407E+00,-10.050E-03
+17.510E-03,-5.025E-03,+3.286432E+00,-10.050E-03
+20.010E-03,-5.025E-03,+3.286432E+00,-10.050E-03
+22.510E-03,+0.0E+00,+3.286432E+00,-10.050E-03
+25.010E-03,-5.025E-03,-10.050E-03,-10.050E-03
+27.510E-03,-5.025E-03,-10.050E-03,-10.050E-03
+30.010E-03,-5.025E-03,-10.050E-03,-10.050E-03
+32.510E-03,-5.025E-03,-10.050E-03,-10.050E-03
+35.010E-03,-5.025E-03,-10.050E-03,-10.050E-03
+37.510E-03,-5.025E-03,-10.050E-03,-10.050E-03
+40.010E-03,-5.025E-03,-10.050E-03,-10.050E-03
+42.510E-03,-5.025E-03,-10.050E-03,-10.050E-03
+45.010E-03,-5.025E-03,-10.050E-03,-10.050E-03
+47.510E-03,-5.025E-03,-10.050E-03,-10.050E-03
+50.010E-03,-5.025E-03,-10.050E-03,-10.050E-03
+52.510E-03,-5.025E-03,-10.050E-03,-10.050E-03
+55.010E-03,-5.025E-03,-10.050E-03,-10.050E-03
+57.510E-03,-5.025E-03,-10.050E-03,-10.050E-03
+60.010E-03,-5.025E-03,-10.050E-03,-10.050E-03
+62.510E-03,-5.025E-03,-10.050E-03,-10.050E-03
+65.010E-03,-5.025E-03,-10.050E-03,-10.050E-03
+67.510E-03,-5.025E-03,-10.050E-03,-10.050E-03
+70.010E-03,-5.025E-03,-10.050E-03,-10.050E-03
+72.510E-03,-5.025E-03,-10.050E-03,-10.050E-03
+75.010E-03,-5.025E-03,-10.050E-03,-10.050E-03
+77.510E-03,-5.025E-03,-10.050E-03,-10.050E-03
+80.010E-03,-5.025E-03,-10.050E-03,-10.050E-03
+82.510E-03,-5.025E-03,-10.050E-03,-10.050E-03
+85.010E-03,-5.025E-03,-10.050E-03,-10.050E-03
+87.510E-03,-5.025E-03,-10.050E-03,-10.050E-03
+90.010E-03,-5.025E-03,-10.050E-03,-10.050E-03
+92.510E-03,-5.025E-03,-10.050E-03,-10.050E-03
+95.010E-03,-5.025E-03,-10.050E-03,-10.050E-03
+97.510E-03,-5.025E-03,-10.050E-03,-10.050E-03
+100.010E-03,-5.025E-03,-10.050E-03,-10.050E-03
+102.510E-03,-5.025E-03,-10.050E-03,-10.050E-03
+105.010E-03,-5.025E-03,-10.050E-03,-10.050E-03
+107.510E-03,-5.025E-03,-10.050E-03,-10.050E-03
+110.010E-03,-5.025E-03,-10.050E-03,-10.050E-03
+112.510E-03,-5.025E-03,-10.050E-03,-10.050E-03
+115.010E-03,-5.025E-03,-10.050E-03,-10.050E-03
+117.510E-03,-5.025E-03,-10.050E-03,-10.050E-03
+120.010E-03,-5.025E-03,-10.050E-03,-10.050E-03
+122.510E-03,-5.025E-03,-10.050E-03,-10.050E-03
+125.010E-03,-5.025E-03,-10.050E-03,-10.050E-03
+127.510E-03,-5.025E-03,-10.050E-03,-10.050E-03
+130.010E-03,-5.025E-03,-10.050E-03,-10.050E-03
+132.510E-03,-5.025E-03,-10.050E-03,-10.050E-03
+135.010E-03,-5.025E-03,-10.050E-03,-10.050E-03
+137.510E-03,-5.025E-03,-10.050E-03,-10.050E-03
+140.010E-03,-5.025E-03,-10.050E-03,-10.050E-03
+142.510E-03,-5.025E-03,-10.050E-03,-10.050E-03
+145.010E-03,-5.025E-03,-10.050E-03,-10.050E-03
+147.510E-03,-5.025E-03,-10.050E-03,-10.050E-03
+150.010E-03,-5.025E-03,-10.050E-03,-10.050E-03
+152.510E-03,-5.025E-03,-10.050E-03,-10.050E-03
+155.010E-03,-5.025E-03,-10.050E-03,-10.050E-03
+157.510E-03,-5.025E-03,-10.050E-03,-10.050E-03
+160.010E-03,-5.025E-03,-10.050E-03,-10.050E-03
+162.510E-03,-5.025E-03,-10.050E-03,-10.050E-03
+165.010E-03,-5.025E-03,-10.050E-03,-10.050E-03
+167.510E-03,-5.025E-03,-10.050E-03,-10.050E-03
+170.010E-03,-5.025E-03,-10.050E-03,-10.050E-03
+172.510E-03,-5.025E-03,-10.050E-03,-10.050E-03
+175.010E-03,-5.025E-03,-10.050E-03,-10.050E-03
+177.510E-03,-5.025E-03,-10.050E-03,-10.050E-03
+180.010E-03,-5.025E-03,-10.050E-03,-10.050E-03
+182.510E-03,-5.025E-03,-10.050E-03,-10.050E-03
+185.010E-03,-5.025E-03,-10.050E-03,-10.050E-03
+187.510E-03,-5.025E-03,-10.050E-03,-10.050E-03
+190.010E-03,-5.025E-03,-10.050E-03,-10.050E-03
+192.510E-03,-5.025E-03,-10.050E-03,-10.050E-03
+195.010E-03,-5.025E-03,-10.050E-03,-10.050E-03
+197.510E-03,-5.025E-03,-10.050E-03,-10.050E-03
+200.010E-03,-5.025E-03,-10.050E-03,-10.050E-03
+202.510E-03,-5.025E-03,-10.050E-03,-10.050E-03
+205.010E-03,-5.025E-03,-10.050E-03,-10.050E-03
+207.510E-03,-5.025E-03,-10.050E-03,-10.050E-03
+210.010E-03,-5.025E-03,-10.050E-03,-10.050E-03
+212.510E-03,-5.025E-03,-10.050E-03,-10.050E-03
+215.010E-03,-5.025E-03,-10.050E-03,-10.050E-03
+217.510E-03,-5.025E-03,-10.050E-03,-10.050E-03
+220.010E-03,-5.025E-03,-10.050E-03,-10.050E-03
+222.510E-03,-5.025E-03,-10.050E-03,-10.050E-03
+225.010E-03,-5.025E-03,-10.050E-03,+3.261306E+00
+227.510E-03,-5.025E-03,-10.050E-03,+3.261306E+00
+230.010E-03,-5.025E-03,-10.050E-03,+3.256281E+00
+232.510E-03,-5.025E-03,-10.050E-03,+3.261306E+00
+235.010E-03,-5.025E-03,-10.050E-03,+3.261306E+00
+237.510E-03,-5.025E-03,-10.050E-03,+3.261306E+00
+240.010E-03,-5.025E-03,-10.050E-03,+3.261306E+00
+242.510E-03,-5.025E-03,-10.050E-03,+3.261306E+00
+245.010E-03,-5.025E-03,-10.050E-03,+3.261306E+00
+247.510E-03,-5.025E-03,-10.050E-03,+3.261306E+00
+250.010E-03,-5.025E-03,+3.286432E+00,-10.050E-03
+252.510E-03,+0.0E+00,+3.286432E+00,-10.050E-03
+255.010E-03,+0.0E+00,+3.286432E+00,-10.050E-03
+257.510E-03,-5.025E-03,+3.286432E+00,-10.050E-03
+260.010E-03,+0.0E+00,+3.286432E+00,-10.050E-03
+262.510E-03,+0.0E+00,+3.286432E+00,-10.050E-03
+265.010E-03,+0.0E+00,+3.286432E+00,-10.050E-03
+267.510E-03,+0.0E+00,+3.286432E+00,-10.050E-03
+270.010E-03,+0.0E+00,+3.286432E+00,-10.050E-03
+272.510E-03,+0.0E+00,+3.286432E+00,-10.050E-03
+275.010E-03,-5.025E-03,-10.050E-03,-10.050E-03
+277.510E-03,-5.025E-03,-10.050E-03,-10.050E-03
+280.010E-03,-5.025E-03,-10.050E-03,-10.050E-03
+282.510E-03,-5.025E-03,-5.025E-03,-10.050E-03
+285.010E-03,-5.025E-03,-10.050E-03,-10.050E-03
+287.510E-03,-5.025E-03,-10.050E-03,-10.050E-03
+290.010E-03,-5.025E-03,-10.050E-03,-10.050E-03
+292.510E-03,-5.025E-03,-10.050E-03,-10.050E-03
+295.010E-03,-5.025E-03,-10.050E-03,-10.050E-03
+297.510E-03,-5.025E-03,-10.050E-03,-10.050E-03
+300.010E-03,-5.025E-03,-10.050E-03,-10.050E-03
+302.510E-03,-5.025E-03,-10.050E-03,-10.050E-03
+305.010E-03,-5.025E-03,-10.050E-03,-10.050E-03
+307.510E-03,-5.025E-03,-10.050E-03,-10.050E-03
+310.010E-03,-5.025E-03,-10.050E-03,-10.050E-03
+312.510E-03,-5.025E-03,-10.050E-03,-10.050E-03
+315.010E-03,-5.025E-03,-10.050E-03,-10.050E-03
+317.510E-03,-5.025E-03,-10.050E-03,-10.050E-03
+320.010E-03,-5.025E-03,-10.050E-03,-10.050E-03
+322.510E-03,-5.025E-03,-10.050E-03,-10.050E-03
+325.010E-03,-5.025E-03,-10.050E-03,-10.050E-03
+327.510E-03,-5.025E-03,-10.050E-03,-10.050E-03
+330.010E-03,-5.025E-03,-10.050E-03,-10.050E-03
+332.510E-03,-5.025E-03,-10.050E-03,-10.050E-03
+335.010E-03,-5.025E-03,-10.050E-03,-10.050E-03
+337.510E-03,-5.025E-03,-10.050E-03,-10.050E-03
+340.010E-03,-5.025E-03,-10.050E-03,-10.050E-03
+342.510E-03,-5.025E-03,-10.050E-03,-10.050E-03
+345.010E-03,-5.025E-03,-5.025E-03,-10.050E-03
+347.510E-03,-5.025E-03,-10.050E-03,-10.050E-03
+350.010E-03,-5.025E-03,-10.050E-03,-10.050E-03
+352.510E-03,-5.025E-03,-10.050E-03,-10.050E-03
+355.010E-03,-5.025E-03,-10.050E-03,-10.050E-03
+357.510E-03,-5.025E-03,-10.050E-03,-10.050E-03
+360.010E-03,-5.025E-03,-10.050E-03,-10.050E-03
+362.510E-03,-5.025E-03,-10.050E-03,-10.050E-03
+365.010E-03,-5.025E-03,-10.050E-03,-10.050E-03
+367.510E-03,-5.025E-03,-10.050E-03,-10.050E-03
+370.010E-03,-5.025E-03,-10.050E-03,-10.050E-03
+372.510E-03,-5.025E-03,-10.050E-03,-10.050E-03
+375.010E-03,-5.025E-03,-10.050E-03,-10.050E-03
+377.510E-03,-5.025E-03,-10.050E-03,-10.050E-03
+380.010E-03,-5.025E-03,-10.050E-03,-10.050E-03
+382.510E-03,-5.025E-03,-5.025E-03,-10.050E-03
+385.010E-03,-5.025E-03,-10.050E-03,-10.050E-03
+387.510E-03,-5.025E-03,-10.050E-03,-10.050E-03
+390.010E-03,-5.025E-03,-10.050E-03,-10.050E-03
+392.510E-03,-5.025E-03,-10.050E-03,-10.050E-03
+395.010E-03,-5.025E-03,-10.050E-03,-10.050E-03
+397.510E-03,-5.025E-03,-10.050E-03,-10.050E-03
+400.010E-03,-5.025E-03,-10.050E-03,-10.050E-03
+402.510E-03,-5.025E-03,-10.050E-03,-10.050E-03
+405.010E-03,-5.025E-03,-10.050E-03,-10.050E-03
+407.510E-03,-5.025E-03,-10.050E-03,-10.050E-03
+410.010E-03,-5.025E-03,-10.050E-03,-10.050E-03
+412.510E-03,-5.025E-03,-10.050E-03,-10.050E-03
+415.010E-03,-5.025E-03,-10.050E-03,-10.050E-03
+417.510E-03,-5.025E-03,-10.050E-03,-10.050E-03
+420.010E-03,-5.025E-03,-10.050E-03,-10.050E-03
+422.510E-03,-5.025E-03,-10.050E-03,-10.050E-03
+425.010E-03,-5.025E-03,-10.050E-03,-10.050E-03
+427.510E-03,-5.025E-03,-10.050E-03,-10.050E-03
+430.010E-03,-5.025E-03,-10.050E-03,-10.050E-03
+432.510E-03,-5.025E-03,-10.050E-03,-10.050E-03
+435.010E-03,-5.025E-03,-10.050E-03,-10.050E-03
+437.510E-03,-5.025E-03,-10.050E-03,-10.050E-03
+440.010E-03,-5.025E-03,-10.050E-03,-10.050E-03
+442.510E-03,-5.025E-03,-10.050E-03,-10.050E-03
+445.010E-03,-5.025E-03,-10.050E-03,-10.050E-03
+447.510E-03,-5.025E-03,-10.050E-03,-10.050E-03
+450.010E-03,-5.025E-03,-10.050E-03,-10.050E-03
+452.510E-03,-5.025E-03,-10.050E-03,-10.050E-03
+455.010E-03,-5.025E-03,-10.050E-03,-10.050E-03
+457.510E-03,-5.025E-03,-10.050E-03,-10.050E-03
+460.010E-03,-5.025E-03,-10.050E-03,-10.050E-03
+462.510E-03,-5.025E-03,-10.050E-03,-10.050E-03
+465.010E-03,-5.025E-03,-10.050E-03,-10.050E-03
+467.510E-03,-5.025E-03,-10.050E-03,-10.050E-03
+470.010E-03,-5.025E-03,-10.050E-03,-10.050E-03
+472.510E-03,-5.025E-03,-10.050E-03,-10.050E-03
+475.010E-03,-5.025E-03,-10.050E-03,+3.266332E+00
+477.510E-03,-5.025E-03,-10.050E-03,+3.266332E+00
+480.010E-03,-5.025E-03,-10.050E-03,+3.266332E+00
+482.510E-03,-5.025E-03,-10.050E-03,+3.261306E+00
+485.010E-03,-5.025E-03,-10.050E-03,+3.266332E+00
+487.510E-03,-5.025E-03,-10.050E-03,+3.261306E+00
+490.010E-03,-5.025E-03,-10.050E-03,+3.261306E+00
+492.510E-03,-5.025E-03,-10.050E-03,+3.266332E+00
+495.010E-03,-5.025E-03,-10.050E-03,+3.266332E+00
+497.510E-03,-5.025E-03,-10.050E-03,+3.261306E+00
+500.010E-03,-5.025E-03,+3.286432E+00,-10.050E-03
+502.510E-03,-5.025E-03,+3.286432E+00,-10.050E-03
+505.010E-03,-5.025E-03,+3.286432E+00,-10.050E-03
+507.510E-03,+0.0E+00,+3.286432E+00,-10.050E-03
+510.010E-03,+0.0E+00,+3.286432E+00,-10.050E-03
+512.510E-03,+0.0E+00,+3.286432E+00,-10.050E-03
+515.010E-03,+0.0E+00,+3.286432E+00,-10.050E-03
+517.510E-03,+0.0E+00,+3.286432E+00,-10.050E-03
+520.010E-03,-5.025E-03,+3.286432E+00,-10.050E-03
+522.510E-03,+0.0E+00,+3.286432E+00,-10.050E-03
+525.010E-03,-5.025E-03,-10.050E-03,-10.050E-03
+527.510E-03,-5.025E-03,-10.050E-03,-10.050E-03
+530.010E-03,-5.025E-03,-10.050E-03,-10.050E-03
+532.510E-03,-5.025E-03,-10.050E-03,-10.050E-03
+535.010E-03,-5.025E-03,-10.050E-03,-10.050E-03
+537.510E-03,-5.025E-03,-10.050E-03,-10.050E-03
+540.010E-03,-5.025E-03,-10.050E-03,-10.050E-03
+542.510E-03,-5.025E-03,-10.050E-03,-15.075E-03
+545.010E-03,-5.025E-03,-10.050E-03,-10.050E-03
+547.510E-03,-5.025E-03,-10.050E-03,-10.050E-03
+550.010E-03,-5.025E-03,-10.050E-03,-10.050E-03
+552.510E-03,-5.025E-03,-10.050E-03,-10.050E-03
+555.010E-03,-5.025E-03,-10.050E-03,-10.050E-03
+557.510E-03,-5.025E-03,-10.050E-03,-10.050E-03
+560.010E-03,-5.025E-03,-10.050E-03,-10.050E-03
+562.510E-03,-5.025E-03,-10.050E-03,-10.050E-03
+565.010E-03,-5.025E-03,-10.050E-03,-10.050E-03
+567.510E-03,-5.025E-03,-10.050E-03,-10.050E-03
+570.010E-03,-5.025E-03,-10.050E-03,-10.050E-03
+572.510E-03,-5.025E-03,-10.050E-03,-10.050E-03
+575.010E-03,-5.025E-03,-10.050E-03,-10.050E-03
+577.510E-03,-5.025E-03,-10.050E-03,-10.050E-03
+580.010E-03,-5.025E-03,-10.050E-03,-10.050E-03
+582.510E-03,-5.025E-03,-10.050E-03,-10.050E-03
+585.010E-03,-5.025E-03,-10.050E-03,-10.050E-03
+587.510E-03,-5.025E-03,-10.050E-03,-10.050E-03
+590.010E-03,-5.025E-03,-10.050E-03,-10.050E-03
+592.510E-03,-5.025E-03,-10.050E-03,-10.050E-03
+595.010E-03,-5.025E-03,-10.050E-03,-10.050E-03
+597.510E-03,-5.025E-03,-10.050E-03,-10.050E-03
+600.010E-03,-5.025E-03,-10.050E-03,-10.050E-03
+602.510E-03,-5.025E-03,-10.050E-03,-10.050E-03
+605.010E-03,-5.025E-03,-10.050E-03,-10.050E-03
+607.510E-03,-5.025E-03,-10.050E-03,-10.050E-03
+610.010E-03,-5.025E-03,-10.050E-03,-10.050E-03
+612.510E-03,-5.025E-03,-10.050E-03,-10.050E-03
+615.010E-03,-5.025E-03,-10.050E-03,-10.050E-03
+617.510E-03,-5.025E-03,-10.050E-03,-10.050E-03
+620.010E-03,-5.025E-03,-10.050E-03,-10.050E-03
+622.510E-03,-5.025E-03,-10.050E-03,-10.050E-03
+625.010E-03,-5.025E-03,-10.050E-03,-10.050E-03
+627.510E-03,-5.025E-03,-10.050E-03,-10.050E-03
+630.010E-03,-5.025E-03,-10.050E-03,-10.050E-03
+632.510E-03,-5.025E-03,-10.050E-03,-10.050E-03
+635.010E-03,-5.025E-03,-10.050E-03,-10.050E-03
+637.510E-03,-5.025E-03,-10.050E-03,-10.050E-03
+640.010E-03,-5.025E-03,-10.050E-03,-10.050E-03
+642.510E-03,-5.025E-03,-10.050E-03,-10.050E-03
+645.010E-03,-5.025E-03,-10.050E-03,-10.050E-03
+647.510E-03,-5.025E-03,-10.050E-03,-10.050E-03
+650.010E-03,-5.025E-03,-10.050E-03,-10.050E-03
+652.510E-03,-5.025E-03,-10.050E-03,-10.050E-03
+655.010E-03,-5.025E-03,-10.050E-03,-10.050E-03
+657.510E-03,-5.025E-03,-10.050E-03,-10.050E-03
+660.010E-03,-5.025E-03,-10.050E-03,-10.050E-03
+662.510E-03,-5.025E-03,-10.050E-03,-10.050E-03
+665.010E-03,-5.025E-03,-10.050E-03,-10.050E-03
+667.510E-03,-5.025E-03,-10.050E-03,-10.050E-03
+670.010E-03,-5.025E-03,-10.050E-03,-10.050E-03
+672.510E-03,-5.025E-03,-10.050E-03,-10.050E-03
+675.010E-03,-5.025E-03,-10.050E-03,-10.050E-03
+677.510E-03,-5.025E-03,-10.050E-03,-10.050E-03
+680.010E-03,-5.025E-03,-10.050E-03,-10.050E-03
+682.510E-03,-5.025E-03,-10.050E-03,-15.075E-03
+685.010E-03,-5.025E-03,-10.050E-03,-10.050E-03
+687.510E-03,-5.025E-03,-10.050E-03,-10.050E-03
+690.010E-03,-5.025E-03,-10.050E-03,-10.050E-03
+692.510E-03,-5.025E-03,-10.050E-03,-10.050E-03
+695.010E-03,-5.025E-03,-10.050E-03,-10.050E-03
+697.510E-03,-5.025E-03,-10.050E-03,-10.050E-03
+700.010E-03,-5.025E-03,-10.050E-03,-10.050E-03
+702.510E-03,-5.025E-03,-10.050E-03,-10.050E-03
+705.010E-03,-5.025E-03,-10.050E-03,-10.050E-03
+707.510E-03,-5.025E-03,-10.050E-03,-10.050E-03
+710.010E-03,-5.025E-03,-10.050E-03,-10.050E-03
+712.510E-03,-5.025E-03,-10.050E-03,-15.075E-03
+715.010E-03,-5.025E-03,-10.050E-03,-10.050E-03
+717.510E-03,-5.025E-03,-10.050E-03,-10.050E-03
+720.010E-03,-5.025E-03,-10.050E-03,-10.050E-03
+722.510E-03,-5.025E-03,-10.050E-03,-10.050E-03
+725.010E-03,-5.025E-03,-10.050E-03,+3.266332E+00
+727.510E-03,-5.025E-03,-10.050E-03,+3.261306E+00
+730.010E-03,-5.025E-03,-10.050E-03,+3.266332E+00
+732.510E-03,-5.025E-03,-10.050E-03,+3.261306E+00
+735.010E-03,-5.025E-03,-10.050E-03,+3.261306E+00
+737.510E-03,-5.025E-03,-10.050E-03,+3.266332E+00
+740.010E-03,-5.025E-03,-10.050E-03,+3.261306E+00
+742.510E-03,-5.025E-03,-10.050E-03,+3.261306E+00
+745.010E-03,-5.025E-03,-10.050E-03,+3.261306E+00
+747.510E-03,-5.025E-03,-10.050E-03,+3.261306E+00
+750.010E-03,-5.025E-03,+3.286432E+00,-10.050E-03
+752.510E-03,-5.025E-03,+3.286432E+00,-10.050E-03
+755.010E-03,-5.025E-03,+3.286432E+00,-10.050E-03
+757.510E-03,-5.025E-03,+3.286432E+00,-10.050E-03
+760.010E-03,+0.0E+00,+3.286432E+00,-10.050E-03
+762.510E-03,+0.0E+00,+3.286432E+00,-10.050E-03
+765.010E-03,-5.025E-03,+3.281407E+00,-10.050E-03
+767.510E-03,-5.025E-03,+3.286432E+00,-10.050E-03
+770.010E-03,-5.025E-03,+3.281407E+00,-10.050E-03
+772.510E-03,+0.0E+00,+3.286432E+00,-10.050E-03
+775.010E-03,-5.025E-03,-10.050E-03,-10.050E-03
+777.510E-03,-5.025E-03,-10.050E-03,-10.050E-03
+780.010E-03,-5.025E-03,-10.050E-03,-10.050E-03
+782.510E-03,-5.025E-03,-10.050E-03,-10.050E-03
+785.010E-03,-5.025E-03,-10.050E-03,-10.050E-03
+787.510E-03,-5.025E-03,-10.050E-03,-10.050E-03
+790.010E-03,-5.025E-03,-10.050E-03,-10.050E-03
+792.510E-03,-5.025E-03,-10.050E-03,-10.050E-03
+795.010E-03,-5.025E-03,-10.050E-03,-10.050E-03
+797.510E-03,-5.025E-03,-10.050E-03,-10.050E-03
+800.010E-03,-5.025E-03,-10.050E-03,-10.050E-03
+802.510E-03,-5.025E-03,-10.050E-03,-10.050E-03
+805.010E-03,-5.025E-03,-10.050E-03,-10.050E-03
+807.510E-03,-5.025E-03,-10.050E-03,-10.050E-03
+810.010E-03,-5.025E-03,-10.050E-03,-10.050E-03
+812.510E-03,-5.025E-03,-10.050E-03,-10.050E-03
+815.010E-03,-5.025E-03,-10.050E-03,-10.050E-03
+817.510E-03,-5.025E-03,-10.050E-03,-10.050E-03
+820.010E-03,-5.025E-03,-10.050E-03,-10.050E-03
+822.510E-03,-5.025E-03,-10.050E-03,-10.050E-03
+825.010E-03,-5.025E-03,-10.050E-03,-10.050E-03
+827.510E-03,-5.025E-03,-10.050E-03,-10.050E-03
+830.010E-03,-5.025E-03,-10.050E-03,-10.050E-03
+832.510E-03,-5.025E-03,-10.050E-03,-10.050E-03
+835.010E-03,-5.025E-03,-10.050E-03,-10.050E-03
+837.510E-03,-5.025E-03,-10.050E-03,-15.075E-03
+840.010E-03,-5.025E-03,-10.050E-03,-10.050E-03
+842.510E-03,-5.025E-03,-10.050E-03,-15.075E-03
+845.010E-03,-5.025E-03,-10.050E-03,-10.050E-03
+847.510E-03,-5.025E-03,-10.050E-03,-15.075E-03
+850.010E-03,-5.025E-03,-10.050E-03,-10.050E-03
+852.510E-03,-5.025E-03,-10.050E-03,-10.050E-03
+855.010E-03,-5.025E-03,-10.050E-03,-10.050E-03
+857.510E-03,-5.025E-03,-10.050E-03,-15.075E-03
+860.010E-03,-5.025E-03,-10.050E-03,-10.050E-03
+862.510E-03,-5.025E-03,-10.050E-03,-10.050E-03
+865.010E-03,-5.025E-03,-10.050E-03,-15.075E-03
+867.510E-03,-5.025E-03,-10.050E-03,-10.050E-03
+870.010E-03,-5.025E-03,-10.050E-03,-10.050E-03
+872.510E-03,-5.025E-03,-10.050E-03,-10.050E-03
+875.010E-03,-5.025E-03,-10.050E-03,-10.050E-03
+877.510E-03,-5.025E-03,-10.050E-03,-10.050E-03
+880.010E-03,-5.025E-03,-10.050E-03,-15.075E-03
+882.510E-03,-5.025E-03,-10.050E-03,-10.050E-03
+885.010E-03,-5.025E-03,-10.050E-03,-10.050E-03
+887.510E-03,-5.025E-03,-10.050E-03,-10.050E-03
+890.010E-03,-5.025E-03,-10.050E-03,-10.050E-03
+892.510E-03,-5.025E-03,-10.050E-03,-10.050E-03
+895.010E-03,-5.025E-03,-10.050E-03,-15.075E-03
+897.510E-03,-5.025E-03,-10.050E-03,-15.075E-03
+900.010E-03,+3.135678E+00,-5.025E-03,-10.050E-03
+902.510E-03,+3.135678E+00,-5.025E-03,-15.075E-03
+905.010E-03,+3.135678E+00,-10.050E-03,-15.075E-03
+907.510E-03,+3.135678E+00,-10.050E-03,-15.075E-03
+910.010E-03,+3.135678E+00,-10.050E-03,-15.075E-03
+912.510E-03,+3.135678E+00,-10.050E-03,-15.075E-03
+915.010E-03,+3.135678E+00,-10.050E-03,-10.050E-03
+917.510E-03,+3.135678E+00,-10.050E-03,-15.075E-03
+920.010E-03,+3.135678E+00,-10.050E-03,-10.050E-03
+922.510E-03,+3.135678E+00,-10.050E-03,-10.050E-03
+925.010E-03,+3.135678E+00,-10.050E-03,-10.050E-03
+927.510E-03,+3.135678E+00,-10.050E-03,-10.050E-03
+930.010E-03,+3.135678E+00,-10.050E-03,-10.050E-03
+932.510E-03,+3.135678E+00,-10.050E-03,-15.075E-03
+935.010E-03,+3.135678E+00,-10.050E-03,-10.050E-03
+937.510E-03,+3.135678E+00,-10.050E-03,-10.050E-03
+940.010E-03,+3.135678E+00,-10.050E-03,-15.075E-03
+942.510E-03,+3.135678E+00,-10.050E-03,-15.075E-03
+945.010E-03,+3.135678E+00,-10.050E-03,-15.075E-03
+947.510E-03,+3.135678E+00,-10.050E-03,-15.075E-03
+950.010E-03,+3.135678E+00,-10.050E-03,-10.050E-03
+952.510E-03,+3.135678E+00,-10.050E-03,-10.050E-03
+955.010E-03,+3.135678E+00,-10.050E-03,-15.075E-03
+957.510E-03,+3.135678E+00,-10.050E-03,-15.075E-03
+960.010E-03,+3.135678E+00,-10.050E-03,-10.050E-03
+962.510E-03,+3.135678E+00,-10.050E-03,-10.050E-03
+965.010E-03,+3.135678E+00,-10.050E-03,-10.050E-03
+967.510E-03,+3.135678E+00,-10.050E-03,-15.075E-03
+970.010E-03,+3.135678E+00,-10.050E-03,-10.050E-03
+972.510E-03,+3.135678E+00,-10.050E-03,-10.050E-03
+975.010E-03,+3.135678E+00,-10.050E-03,+3.261306E+00
+977.510E-03,+3.135678E+00,-10.050E-03,+3.261306E+00
+980.010E-03,+3.135678E+00,-10.050E-03,+3.256281E+00
+982.510E-03,+3.135678E+00,-10.050E-03,+3.256281E+00
+985.010E-03,+3.135678E+00,-10.050E-03,+3.261306E+00
+987.510E-03,+3.135678E+00,-10.050E-03,+3.261306E+00
+990.010E-03,+3.135678E+00,-10.050E-03,+3.261306E+00
+992.510E-03,+3.135678E+00,-5.025E-03,+3.261306E+00
+995.010E-03,+3.135678E+00,-10.050E-03,+3.256281E+00
+997.510E-03,+3.135678E+00,-10.050E-03,+3.261306E+00
+1.000010E+00,-5.025E-03,+3.286432E+00,-10.050E-03
+1.002510E+00,-5.025E-03,+3.286432E+00,-10.050E-03
+1.005010E+00,-5.025E-03,+3.286432E+00,-15.075E-03
+1.007510E+00,-5.025E-03,+3.286432E+00,-15.075E-03
+1.010010E+00,-5.025E-03,+3.286432E+00,-10.050E-03
+1.012510E+00,-5.025E-03,+3.286432E+00,-15.075E-03
+1.015010E+00,-5.025E-03,+3.281407E+00,-10.050E-03
+1.017510E+00,-5.025E-03,+3.286432E+00,-10.050E-03
+1.020010E+00,-5.025E-03,+3.281407E+00,-10.050E-03
+1.022510E+00,+0.0E+00,+3.281407E+00,-10.050E-03
+1.025010E+00,-5.025E-03,-10.050E-03,-10.050E-03
+1.027510E+00,-5.025E-03,-10.050E-03,-15.075E-03
+1.030010E+00,-5.025E-03,-10.050E-03,-10.050E-03
+1.032510E+00,-5.025E-03,-10.050E-03,-10.050E-03
+1.035010E+00,-5.025E-03,-10.050E-03,-15.075E-03
+1.037510E+00,-5.025E-03,-10.050E-03,-10.050E-03
+1.040010E+00,-5.025E-03,-10.050E-03,-10.050E-03
+1.042510E+00,-5.025E-03,-10.050E-03,-15.075E-03
+1.045010E+00,-5.025E-03,-10.050E-03,-15.075E-03
+1.047510E+00,-5.025E-03,-10.050E-03,-10.050E-03
+1.050010E+00,-5.025E-03,-10.050E-03,-10.050E-03
+1.052510E+00,-5.025E-03,-10.050E-03,-10.050E-03
+1.055010E+00,-5.025E-03,-10.050E-03,-10.050E-03
+1.057510E+00,-5.025E-03,-10.050E-03,-10.050E-03
+1.060010E+00,-5.025E-03,-10.050E-03,-10.050E-03
+1.062510E+00,-5.025E-03,-10.050E-03,-10.050E-03
+1.065010E+00,-5.025E-03,-10.050E-03,-10.050E-03
+1.067510E+00,-5.025E-03,-10.050E-03,-10.050E-03
+1.070010E+00,-5.025E-03,-10.050E-03,-10.050E-03
+1.072510E+00,-5.025E-03,-10.050E-03,-10.050E-03
+1.075010E+00,-5.025E-03,-10.050E-03,-10.050E-03
+1.077510E+00,-5.025E-03,-10.050E-03,-10.050E-03
+1.080010E+00,-5.025E-03,-10.050E-03,-10.050E-03
+1.082510E+00,-5.025E-03,-10.050E-03,-10.050E-03
+1.085010E+00,-5.025E-03,-10.050E-03,-10.050E-03
+1.087510E+00,-5.025E-03,-10.050E-03,-10.050E-03
+1.090010E+00,-5.025E-03,-10.050E-03,-10.050E-03
+1.092510E+00,-5.025E-03,-10.050E-03,-15.075E-03
+1.095010E+00,-5.025E-03,-10.050E-03,-15.075E-03
+1.097510E+00,-5.025E-03,-10.050E-03,-15.075E-03
+1.100010E+00,-5.025E-03,-10.050E-03,-10.050E-03
+1.102510E+00,-5.025E-03,-10.050E-03,-15.075E-03
+1.105010E+00,-5.025E-03,-10.050E-03,-10.050E-03
+1.107510E+00,-5.025E-03,-10.050E-03,-10.050E-03
+1.110010E+00,-5.025E-03,-10.050E-03,-10.050E-03
+1.112510E+00,-5.025E-03,-10.050E-03,-15.075E-03
+1.115010E+00,-5.025E-03,-10.050E-03,-10.050E-03
+1.117510E+00,-5.025E-03,-10.050E-03,-15.075E-03
+1.120010E+00,-5.025E-03,-10.050E-03,-15.075E-03
+1.122510E+00,-5.025E-03,-10.050E-03,-15.075E-03
+1.125010E+00,-5.025E-03,-10.050E-03,-15.075E-03
+1.127510E+00,-5.025E-03,-10.050E-03,-15.075E-03
+1.130010E+00,-5.025E-03,-10.050E-03,-15.075E-03
+1.132510E+00,-5.025E-03,-10.050E-03,-10.050E-03
+1.135010E+00,-5.025E-03,-10.050E-03,-15.075E-03
+1.137510E+00,-5.025E-03,-10.050E-03,-10.050E-03
+1.140010E+00,-5.025E-03,-10.050E-03,-15.075E-03
+1.142510E+00,-5.025E-03,-10.050E-03,-10.050E-03
+1.145010E+00,-5.025E-03,-10.050E-03,-10.050E-03
+1.147510E+00,-5.025E-03,-10.050E-03,-10.050E-03
+1.150010E+00,-5.025E-03,-10.050E-03,-10.050E-03
+1.152510E+00,-5.025E-03,-10.050E-03,-10.050E-03
+1.155010E+00,-5.025E-03,-10.050E-03,-10.050E-03
+1.157510E+00,-5.025E-03,-10.050E-03,-10.050E-03
+1.160010E+00,-5.025E-03,-10.050E-03,-10.050E-03
+1.162510E+00,-5.025E-03,-10.050E-03,-10.050E-03
+1.165010E+00,-5.025E-03,-10.050E-03,-10.050E-03
+1.167510E+00,-5.025E-03,-10.050E-03,-10.050E-03
+1.170010E+00,-5.025E-03,-10.050E-03,-10.050E-03
+1.172510E+00,-5.025E-03,-10.050E-03,-15.075E-03
+1.175010E+00,-5.025E-03,-10.050E-03,-10.050E-03
+1.177510E+00,-5.025E-03,-10.050E-03,-10.050E-03
+1.180010E+00,-5.025E-03,-10.050E-03,-10.050E-03
+1.182510E+00,-5.025E-03,-10.050E-03,-15.075E-03
+1.185010E+00,-5.025E-03,-10.050E-03,-10.050E-03
+1.187510E+00,-5.025E-03,-10.050E-03,-10.050E-03
+1.190010E+00,-5.025E-03,-10.050E-03,-10.050E-03
+1.192510E+00,-5.025E-03,-10.050E-03,-10.050E-03
+1.195010E+00,-5.025E-03,-10.050E-03,-10.050E-03
+1.197510E+00,-5.025E-03,-10.050E-03,-10.050E-03
+1.200010E+00,-5.025E-03,-10.050E-03,-10.050E-03
+1.202510E+00,-5.025E-03,-10.050E-03,-10.050E-03
+1.205010E+00,-5.025E-03,-10.050E-03,-10.050E-03
+1.207510E+00,-5.025E-03,-10.050E-03,-10.050E-03
+1.210010E+00,-5.025E-03,-10.050E-03,-10.050E-03
+1.212510E+00,-5.025E-03,-10.050E-03,-10.050E-03
+1.215010E+00,-5.025E-03,-10.050E-03,-10.050E-03
+1.217510E+00,-5.025E-03,-10.050E-03,-10.050E-03
+1.220010E+00,-5.025E-03,-10.050E-03,-10.050E-03
+1.222510E+00,-5.025E-03,-10.050E-03,-10.050E-03
+1.225010E+00,-5.025E-03,-10.050E-03,+3.261306E+00
+1.227510E+00,-5.025E-03,-10.050E-03,+3.261306E+00
+1.230010E+00,-5.025E-03,-10.050E-03,+3.261306E+00
+1.232510E+00,-5.025E-03,-10.050E-03,+3.261306E+00
+1.235010E+00,-5.025E-03,-10.050E-03,+3.261306E+00
+1.237510E+00,-5.025E-03,-10.050E-03,+3.261306E+00
+1.240010E+00,-5.025E-03,-10.050E-03,+3.261306E+00
+1.242510E+00,-5.025E-03,-5.025E-03,+3.261306E+00
+1.245010E+00,-5.025E-03,-10.050E-03,+3.261306E+00
+1.247510E+00,-5.025E-03,-10.050E-03,+3.261306E+00
+1.250010E+00,-5.025E-03,+3.286432E+00,-10.050E-03
+1.252510E+00,-5.025E-03,+3.286432E+00,-15.075E-03
+1.255010E+00,-5.025E-03,+3.286432E+00,-10.050E-03
+1.257510E+00,-5.025E-03,+3.286432E+00,-10.050E-03
+1.260010E+00,-5.025E-03,+3.286432E+00,-10.050E-03
+1.262510E+00,-5.025E-03,+3.286432E+00,-15.075E-03
+1.265010E+00,-5.025E-03,+3.286432E+00,-10.050E-03
+1.267510E+00,-5.025E-03,+3.281407E+00,-10.050E-03
+1.270010E+00,-5.025E-03,+3.281407E+00,-10.050E-03
+1.272510E+00,-5.025E-03,+3.286432E+00,-10.050E-03
+1.275010E+00,-5.025E-03,-10.050E-03,-10.050E-03
+1.277510E+00,-5.025E-03,-10.050E-03,-10.050E-03
+1.280010E+00,-5.025E-03,-10.050E-03,-10.050E-03
+1.282510E+00,-5.025E-03,-10.050E-03,-10.050E-03
+1.285010E+00,-5.025E-03,-10.050E-03,-10.050E-03
+1.287510E+00,-5.025E-03,-10.050E-03,-10.050E-03
+1.290010E+00,-5.025E-03,-10.050E-03,-10.050E-03
+1.292510E+00,-5.025E-03,-10.050E-03,-10.050E-03
+1.295010E+00,-5.025E-03,-10.050E-03,-10.050E-03
+1.297510E+00,-5.025E-03,-10.050E-03,-10.050E-03
+1.300010E+00,-5.025E-03,-10.050E-03,-10.050E-03
+1.302510E+00,-5.025E-03,-10.050E-03,-10.050E-03
+1.305010E+00,-5.025E-03,-10.050E-03,-15.075E-03
+1.307510E+00,-5.025E-03,-10.050E-03,-10.050E-03
+1.310010E+00,-5.025E-03,-10.050E-03,-10.050E-03
+1.312510E+00,-5.025E-03,-10.050E-03,-15.075E-03
+1.315010E+00,-5.025E-03,-10.050E-03,-10.050E-03
+1.317510E+00,-5.025E-03,-10.050E-03,-10.050E-03
+1.320010E+00,-5.025E-03,-10.050E-03,-10.050E-03
+1.322510E+00,-5.025E-03,-10.050E-03,-10.050E-03
+1.325010E+00,-5.025E-03,-10.050E-03,-10.050E-03
+1.327510E+00,-5.025E-03,-10.050E-03,-10.050E-03
+1.330010E+00,-5.025E-03,-10.050E-03,-10.050E-03
+1.332510E+00,-5.025E-03,-10.050E-03,-10.050E-03
+1.335010E+00,-5.025E-03,-10.050E-03,-15.075E-03
+1.337510E+00,-5.025E-03,-10.050E-03,-10.050E-03
+1.340010E+00,-5.025E-03,-10.050E-03,-10.050E-03
+1.342510E+00,-5.025E-03,-10.050E-03,-10.050E-03
+1.345010E+00,-5.025E-03,-10.050E-03,-10.050E-03
+1.347510E+00,-5.025E-03,-10.050E-03,-10.050E-03
+1.350010E+00,-5.025E-03,-10.050E-03,-10.050E-03
+1.352510E+00,-5.025E-03,-10.050E-03,-10.050E-03
+1.355010E+00,-5.025E-03,-10.050E-03,-10.050E-03
+1.357510E+00,-5.025E-03,-10.050E-03,-15.075E-03
+1.360010E+00,-5.025E-03,-10.050E-03,-10.050E-03
+1.362510E+00,-5.025E-03,-10.050E-03,-10.050E-03
+1.365010E+00,-5.025E-03,-10.050E-03,-15.075E-03
+1.367510E+00,-5.025E-03,-10.050E-03,-10.050E-03
+1.370010E+00,-5.025E-03,-10.050E-03,-10.050E-03
+1.372510E+00,-5.025E-03,-10.050E-03,-10.050E-03
+1.375010E+00,-5.025E-03,-10.050E-03,-10.050E-03
+1.377510E+00,-5.025E-03,-10.050E-03,-10.050E-03
+1.380010E+00,-5.025E-03,-10.050E-03,-10.050E-03
+1.382510E+00,-5.025E-03,-10.050E-03,-10.050E-03
+1.385010E+00,-5.025E-03,-10.050E-03,-10.050E-03
+1.387510E+00,-5.025E-03,-10.050E-03,-10.050E-03
+1.390010E+00,-5.025E-03,-10.050E-03,-10.050E-03
+1.392510E+00,-5.025E-03,-10.050E-03,-10.050E-03
+1.395010E+00,-5.025E-03,-10.050E-03,-10.050E-03
+1.397510E+00,-5.025E-03,-10.050E-03,-10.050E-03
+1.400010E+00,-5.025E-03,-10.050E-03,-10.050E-03
+1.402510E+00,-5.025E-03,-10.050E-03,-10.050E-03
+1.405010E+00,-5.025E-03,-10.050E-03,-10.050E-03
+1.407510E+00,-5.025E-03,-10.050E-03,-10.050E-03
+1.410010E+00,-5.025E-03,-10.050E-03,-10.050E-03
+1.412510E+00,-5.025E-03,-10.050E-03,-10.050E-03
+1.415010E+00,-5.025E-03,-10.050E-03,-10.050E-03
+1.417510E+00,-5.025E-03,-10.050E-03,-15.075E-03
+1.420010E+00,-5.025E-03,-10.050E-03,-10.050E-03
+1.422510E+00,-5.025E-03,-10.050E-03,-10.050E-03
+1.425010E+00,-5.025E-03,-10.050E-03,-10.050E-03
+1.427510E+00,-5.025E-03,-10.050E-03,-10.050E-03
+1.430010E+00,-5.025E-03,-10.050E-03,-10.050E-03
+1.432510E+00,-5.025E-03,-10.050E-03,-10.050E-03
+1.435010E+00,-5.025E-03,-10.050E-03,-10.050E-03
+1.437510E+00,-5.025E-03,-10.050E-03,-10.050E-03
+1.440010E+00,-5.025E-03,-10.050E-03,-10.050E-03
+1.442510E+00,-5.025E-03,-10.050E-03,-10.050E-03
+1.445010E+00,-5.025E-03,-10.050E-03,-10.050E-03
+1.447510E+00,-5.025E-03,-10.050E-03,-10.050E-03
+1.450010E+00,-5.025E-03,-10.050E-03,-10.050E-03
+1.452510E+00,-5.025E-03,-10.050E-03,-10.050E-03
+1.455010E+00,-5.025E-03,-10.050E-03,-10.050E-03
+1.457510E+00,-5.025E-03,-10.050E-03,-10.050E-03
+1.460010E+00,-5.025E-03,-10.050E-03,-10.050E-03
+1.462510E+00,-5.025E-03,-10.050E-03,-10.050E-03
+1.465010E+00,-5.025E-03,-10.050E-03,-10.050E-03
+1.467510E+00,-5.025E-03,-10.050E-03,-10.050E-03
+1.470010E+00,-5.025E-03,-10.050E-03,-10.050E-03
+1.472510E+00,-5.025E-03,-10.050E-03,-10.050E-03
+1.475010E+00,-5.025E-03,-10.050E-03,+3.266332E+00
+1.477510E+00,-5.025E-03,-10.050E-03,+3.261306E+00
+1.480010E+00,-5.025E-03,-10.050E-03,+3.261306E+00
+1.482510E+00,-5.025E-03,-10.050E-03,+3.261306E+00
+1.485010E+00,-5.025E-03,-10.050E-03,+3.261306E+00
+1.487510E+00,-5.025E-03,-10.050E-03,+3.266332E+00
+1.490010E+00,-5.025E-03,-10.050E-03,+3.261306E+00
+1.492510E+00,-5.025E-03,-10.050E-03,+3.261306E+00
+1.495010E+00,-5.025E-03,-10.050E-03,+3.261306E+00
+1.497510E+00,-5.025E-03,-10.050E-03,+3.261306E+00
+1.500010E+00,-5.025E-03,+3.286432E+00,-10.050E-03
+1.502510E+00,-5.025E-03,+3.286432E+00,-10.050E-03
+1.505010E+00,-5.025E-03,+3.286432E+00,-10.050E-03
+1.507510E+00,-5.025E-03,+3.286432E+00,-10.050E-03
+1.510010E+00,-5.025E-03,+3.286432E+00,-10.050E-03
+1.512510E+00,-5.025E-03,+3.286432E+00,-10.050E-03
+1.515010E+00,-5.025E-03,+3.286432E+00,-10.050E-03
+1.517510E+00,-5.025E-03,+3.281407E+00,-10.050E-03
+1.520010E+00,-5.025E-03,+3.286432E+00,-10.050E-03
+1.522510E+00,-5.025E-03,+3.286432E+00,-10.050E-03
+1.525010E+00,-5.025E-03,-10.050E-03,-10.050E-03
+1.527510E+00,-5.025E-03,-10.050E-03,-10.050E-03
+1.530010E+00,-5.025E-03,-10.050E-03,-10.050E-03
+1.532510E+00,-5.025E-03,-10.050E-03,-10.050E-03
+1.535010E+00,-5.025E-03,-10.050E-03,-10.050E-03
+1.537510E+00,-5.025E-03,-10.050E-03,-10.050E-03
+1.540010E+00,-5.025E-03,-10.050E-03,-10.050E-03
+1.542510E+00,-5.025E-03,-10.050E-03,-10.050E-03
+1.545010E+00,-5.025E-03,-10.050E-03,-10.050E-03
+1.547510E+00,-5.025E-03,-10.050E-03,-10.050E-03
+1.550010E+00,-5.025E-03,-10.050E-03,-10.050E-03
+1.552510E+00,-5.025E-03,-10.050E-03,-10.050E-03
+1.555010E+00,-5.025E-03,-10.050E-03,-10.050E-03
+1.557510E+00,-5.025E-03,-10.050E-03,-10.050E-03
+1.560010E+00,-5.025E-03,-10.050E-03,-10.050E-03
+1.562510E+00,-5.025E-03,-10.050E-03,-10.050E-03
+1.565010E+00,-5.025E-03,-10.050E-03,-10.050E-03
+1.567510E+00,-5.025E-03,-10.050E-03,-10.050E-03
+1.570010E+00,-5.025E-03,-10.050E-03,-10.050E-03
+1.572510E+00,-5.025E-03,-10.050E-03,-10.050E-03
+1.575010E+00,-5.025E-03,-10.050E-03,-10.050E-03
+1.577510E+00,-5.025E-03,-10.050E-03,-10.050E-03
+1.580010E+00,-5.025E-03,-10.050E-03,-10.050E-03
+1.582510E+00,-5.025E-03,-10.050E-03,-10.050E-03
+1.585010E+00,-5.025E-03,-10.050E-03,-10.050E-03
+1.587510E+00,-5.025E-03,-10.050E-03,-10.050E-03
+1.590010E+00,-5.025E-03,-10.050E-03,-10.050E-03
+1.592510E+00,-5.025E-03,-10.050E-03,-10.050E-03
+1.595010E+00,-5.025E-03,-10.050E-03,-10.050E-03
+1.597510E+00,-5.025E-03,-10.050E-03,-10.050E-03
+1.600010E+00,-5.025E-03,-10.050E-03,-10.050E-03
+1.602510E+00,-5.025E-03,-10.050E-03,-10.050E-03
+1.605010E+00,-5.025E-03,-10.050E-03,-10.050E-03
+1.607510E+00,-5.025E-03,-10.050E-03,-10.050E-03
+1.610010E+00,-5.025E-03,-10.050E-03,-10.050E-03
+1.612510E+00,-5.025E-03,-10.050E-03,-10.050E-03
+1.615010E+00,-5.025E-03,-10.050E-03,-10.050E-03
+1.617510E+00,-5.025E-03,-10.050E-03,-10.050E-03
+1.620010E+00,-5.025E-03,-10.050E-03,-10.050E-03
+1.622510E+00,-5.025E-03,-10.050E-03,-10.050E-03
+1.625010E+00,-5.025E-03,-10.050E-03,-10.050E-03
+1.627510E+00,-5.025E-03,-10.050E-03,-10.050E-03
+1.630010E+00,-5.025E-03,-10.050E-03,-10.050E-03
+1.632510E+00,-5.025E-03,-10.050E-03,-10.050E-03
+1.635010E+00,-5.025E-03,-10.050E-03,-10.050E-03
+1.637510E+00,-5.025E-03,-10.050E-03,-10.050E-03
+1.640010E+00,-5.025E-03,-10.050E-03,-10.050E-03
+1.642510E+00,-5.025E-03,-10.050E-03,-10.050E-03
+1.645010E+00,-5.025E-03,-10.050E-03,-10.050E-03
+1.647510E+00,-5.025E-03,-10.050E-03,-10.050E-03
+1.650010E+00,-5.025E-03,-10.050E-03,-10.050E-03
+1.652510E+00,-5.025E-03,-10.050E-03,-10.050E-03
+1.655010E+00,-5.025E-03,-10.050E-03,-10.050E-03
+1.657510E+00,-5.025E-03,-10.050E-03,-10.050E-03
+1.660010E+00,-5.025E-03,-10.050E-03,-10.050E-03
+1.662510E+00,-5.025E-03,-10.050E-03,-10.050E-03
+1.665010E+00,-5.025E-03,-10.050E-03,-10.050E-03
+1.667510E+00,-5.025E-03,-10.050E-03,-10.050E-03
+1.670010E+00,-5.025E-03,-10.050E-03,-10.050E-03
+1.672510E+00,-5.025E-03,-10.050E-03,-10.050E-03
+1.675010E+00,-5.025E-03,-10.050E-03,-10.050E-03
+1.677510E+00,-5.025E-03,-10.050E-03,-10.050E-03
+1.680010E+00,-5.025E-03,-10.050E-03,-10.050E-03
+1.682510E+00,-5.025E-03,-10.050E-03,-10.050E-03
+1.685010E+00,-5.025E-03,-10.050E-03,-10.050E-03
+1.687510E+00,-5.025E-03,-10.050E-03,-15.075E-03
+1.690010E+00,-5.025E-03,-10.050E-03,-10.050E-03
+1.692510E+00,-5.025E-03,-10.050E-03,-15.075E-03
+1.695010E+00,-5.025E-03,-10.050E-03,-10.050E-03
+1.697510E+00,-5.025E-03,-10.050E-03,-10.050E-03
+1.700010E+00,-5.025E-03,-10.050E-03,-10.050E-03
+1.702510E+00,-5.025E-03,-10.050E-03,-15.075E-03
+1.705010E+00,-5.025E-03,-10.050E-03,-10.050E-03
+1.707510E+00,-5.025E-03,-10.050E-03,-10.050E-03
+1.710010E+00,-5.025E-03,-10.050E-03,-10.050E-03
+1.712510E+00,-5.025E-03,-10.050E-03,-10.050E-03
+1.715010E+00,-5.025E-03,-10.050E-03,-10.050E-03
+1.717510E+00,-5.025E-03,-10.050E-03,-10.050E-03
+1.720010E+00,-5.025E-03,-10.050E-03,-10.050E-03
+1.722510E+00,-5.025E-03,-10.050E-03,-10.050E-03
+1.725010E+00,-5.025E-03,-10.050E-03,+3.261306E+00
+1.727510E+00,-5.025E-03,-10.050E-03,+3.261306E+00
+1.730010E+00,-5.025E-03,-10.050E-03,+3.261306E+00
+1.732510E+00,-5.025E-03,-10.050E-03,+3.261306E+00
+1.735010E+00,-5.025E-03,-10.050E-03,+3.261306E+00
+1.737510E+00,-5.025E-03,-10.050E-03,+3.261306E+00
+1.740010E+00,-5.025E-03,-10.050E-03,+3.261306E+00
+1.742510E+00,-5.025E-03,-10.050E-03,+3.261306E+00
+1.745010E+00,-5.025E-03,-10.050E-03,+3.261306E+00
+1.747510E+00,-5.025E-03,-10.050E-03,+3.261306E+00
+1.750010E+00,-5.025E-03,+3.286432E+00,-10.050E-03
+1.752510E+00,-5.025E-03,+3.286432E+00,-15.075E-03
+1.755010E+00,-5.025E-03,+3.286432E+00,-10.050E-03
+1.757510E+00,-5.025E-03,+3.286432E+00,-10.050E-03
+1.760010E+00,-5.025E-03,+3.286432E+00,-15.075E-03
+1.762510E+00,-5.025E-03,+3.286432E+00,-15.075E-03
+1.765010E+00,-5.025E-03,+3.286432E+00,-10.050E-03
+1.767510E+00,-5.025E-03,+3.281407E+00,-10.050E-03
+1.770010E+00,-5.025E-03,+3.286432E+00,-15.075E-03
+1.772510E+00,-5.025E-03,+3.286432E+00,-10.050E-03
+1.775010E+00,-5.025E-03,-10.050E-03,-10.050E-03
+1.777510E+00,-5.025E-03,-10.050E-03,-10.050E-03
+1.780010E+00,-5.025E-03,-10.050E-03,-10.050E-03
+1.782510E+00,-5.025E-03,-10.050E-03,-15.075E-03
+1.785010E+00,-5.025E-03,-10.050E-03,-10.050E-03
+1.787510E+00,-5.025E-03,-10.050E-03,-10.050E-03
+1.790010E+00,-5.025E-03,-10.050E-03,-10.050E-03
+1.792510E+00,-5.025E-03,-10.050E-03,-10.050E-03
+1.795010E+00,-5.025E-03,-10.050E-03,-15.075E-03
+1.797510E+00,-5.025E-03,-10.050E-03,-10.050E-03
+1.800010E+00,-5.025E-03,-10.050E-03,-10.050E-03
+1.802510E+00,-5.025E-03,-10.050E-03,-10.050E-03
+1.805010E+00,-5.025E-03,-10.050E-03,-10.050E-03
+1.807510E+00,-5.025E-03,-10.050E-03,-15.075E-03
+1.810010E+00,-5.025E-03,-10.050E-03,-10.050E-03
+1.812510E+00,-5.025E-03,-10.050E-03,-15.075E-03
+1.815010E+00,-5.025E-03,-10.050E-03,-15.075E-03
+1.817510E+00,-5.025E-03,-10.050E-03,-10.050E-03
+1.820010E+00,-5.025E-03,-10.050E-03,-10.050E-03
+1.822510E+00,-5.025E-03,-10.050E-03,-10.050E-03
+1.825010E+00,-5.025E-03,-10.050E-03,-10.050E-03
+1.827510E+00,-5.025E-03,-10.050E-03,-10.050E-03
+1.830010E+00,-5.025E-03,-10.050E-03,-10.050E-03
+1.832510E+00,-5.025E-03,-10.050E-03,-10.050E-03
+1.835010E+00,-5.025E-03,-10.050E-03,-10.050E-03
+1.837510E+00,-5.025E-03,-10.050E-03,-10.050E-03
+1.840010E+00,-5.025E-03,-10.050E-03,-10.050E-03
+1.842510E+00,-5.025E-03,-5.025E-03,-15.075E-03
+1.845010E+00,-5.025E-03,-10.050E-03,-10.050E-03
+1.847510E+00,-5.025E-03,-10.050E-03,-10.050E-03
+1.850010E+00,-5.025E-03,-10.050E-03,-10.050E-03
+1.852510E+00,-5.025E-03,-10.050E-03,-10.050E-03
+1.855010E+00,-5.025E-03,-10.050E-03,-15.075E-03
+1.857510E+00,-5.025E-03,-10.050E-03,-15.075E-03
+1.860010E+00,-5.025E-03,-10.050E-03,-10.050E-03
+1.862510E+00,-5.025E-03,-10.050E-03,-10.050E-03
+1.865010E+00,-5.025E-03,-10.050E-03,-10.050E-03
+1.867510E+00,-5.025E-03,-10.050E-03,-10.050E-03
+1.870010E+00,-5.025E-03,-10.050E-03,-10.050E-03
+1.872510E+00,-5.025E-03,-10.050E-03,-15.075E-03
+1.875010E+00,-5.025E-03,-10.050E-03,-10.050E-03
+1.877510E+00,-5.025E-03,-10.050E-03,-10.050E-03
+1.880010E+00,-5.025E-03,-10.050E-03,-10.050E-03
+1.882510E+00,-5.025E-03,-10.050E-03,-10.050E-03
+1.885010E+00,-5.025E-03,-10.050E-03,-10.050E-03
+1.887510E+00,-5.025E-03,-10.050E-03,-10.050E-03
+1.890010E+00,-5.025E-03,-10.050E-03,-10.050E-03
+1.892510E+00,-5.025E-03,-10.050E-03,-10.050E-03
+1.895010E+00,-5.025E-03,-10.050E-03,-10.050E-03
+1.897510E+00,-5.025E-03,-10.050E-03,-10.050E-03
+1.900010E+00,+3.135678E+00,-5.025E-03,-10.050E-03
+1.902510E+00,+3.135678E+00,-5.025E-03,-10.050E-03
+1.905010E+00,+3.135678E+00,-5.025E-03,-15.075E-03
+1.907510E+00,+3.135678E+00,-5.025E-03,-10.050E-03
+1.910010E+00,+3.135678E+00,-5.025E-03,-15.075E-03
+1.912510E+00,+3.135678E+00,-10.050E-03,-15.075E-03
+1.915010E+00,+3.135678E+00,-10.050E-03,-15.075E-03
+1.917510E+00,+3.135678E+00,-10.050E-03,-15.075E-03
+1.920010E+00,+3.135678E+00,-10.050E-03,-15.075E-03
+1.922510E+00,+3.135678E+00,-10.050E-03,-15.075E-03
+1.925010E+00,+3.135678E+00,-10.050E-03,-15.075E-03
+1.927510E+00,+3.135678E+00,-10.050E-03,-15.075E-03
+1.930010E+00,+3.135678E+00,-5.025E-03,-10.050E-03
+1.932510E+00,+3.135678E+00,-10.050E-03,-15.075E-03
+1.935010E+00,+3.135678E+00,-10.050E-03,-10.050E-03
+1.937510E+00,+3.135678E+00,-10.050E-03,-15.075E-03
+1.940010E+00,+3.135678E+00,-10.050E-03,-15.075E-03
+1.942510E+00,+3.135678E+00,-5.025E-03,-10.050E-03
+1.945010E+00,+3.135678E+00,-5.025E-03,-15.075E-03
+1.947510E+00,+3.135678E+00,-10.050E-03,-10.050E-03
+1.950010E+00,+3.135678E+00,-10.050E-03,-10.050E-03
+1.952510E+00,+3.135678E+00,-10.050E-03,-15.075E-03
+1.955010E+00,+3.135678E+00,-10.050E-03,-10.050E-03
+1.957510E+00,+3.135678E+00,-10.050E-03,-15.075E-03
+1.960010E+00,+3.135678E+00,-10.050E-03,-10.050E-03
+1.962510E+00,+3.135678E+00,-10.050E-03,-10.050E-03
+1.965010E+00,+3.135678E+00,-10.050E-03,-10.050E-03
+1.967510E+00,+3.135678E+00,-10.050E-03,-10.050E-03
+1.970010E+00,+3.135678E+00,-10.050E-03,-10.050E-03
+1.972510E+00,+3.135678E+00,-10.050E-03,-10.050E-03
+1.975010E+00,+3.135678E+00,-10.050E-03,+3.256281E+00
+1.977510E+00,+3.135678E+00,-10.050E-03,+3.261306E+00
+1.980010E+00,+3.135678E+00,-10.050E-03,+3.256281E+00
+1.982510E+00,+3.135678E+00,-10.050E-03,+3.256281E+00
+1.985010E+00,+3.135678E+00,-10.050E-03,+3.261306E+00
+1.987510E+00,+3.135678E+00,-10.050E-03,+3.261306E+00
+1.990010E+00,+3.135678E+00,-10.050E-03,+3.256281E+00
+1.992510E+00,+3.135678E+00,-10.050E-03,+3.256281E+00
+1.995010E+00,+3.135678E+00,-10.050E-03,+3.261306E+00
+1.997510E+00,+3.135678E+00,-10.050E-03,+3.261306E+00
+2.000010E+00,+0.0E+00,+3.286432E+00,-10.050E-03
+2.002510E+00,+0.0E+00,+3.286432E+00,-10.050E-03
+2.005010E+00,+0.0E+00,+3.286432E+00,-10.050E-03
+2.007510E+00,+0.0E+00,+3.286432E+00,-10.050E-03
+2.010010E+00,-5.025E-03,+3.286432E+00,-10.050E-03
+2.012510E+00,+0.0E+00,+3.286432E+00,-15.075E-03
+2.015010E+00,-5.025E-03,+3.286432E+00,-10.050E-03
+2.017510E+00,-5.025E-03,+3.286432E+00,-10.050E-03
+2.020010E+00,-5.025E-03,+3.286432E+00,-15.075E-03
+2.022510E+00,+0.0E+00,+3.286432E+00,-10.050E-03
+2.025010E+00,-5.025E-03,-10.050E-03,-10.050E-03
+2.027510E+00,-5.025E-03,-10.050E-03,-10.050E-03
+2.030010E+00,-5.025E-03,-10.050E-03,-10.050E-03
+2.032510E+00,-5.025E-03,-10.050E-03,-10.050E-03
+2.035010E+00,-5.025E-03,-10.050E-03,-10.050E-03
+2.037510E+00,-5.025E-03,-10.050E-03,-10.050E-03
+2.040010E+00,-5.025E-03,-10.050E-03,-10.050E-03
+2.042510E+00,-5.025E-03,-10.050E-03,-10.050E-03
+2.045010E+00,-5.025E-03,-10.050E-03,-10.050E-03
+2.047510E+00,-5.025E-03,-10.050E-03,-10.050E-03
+2.050010E+00,-5.025E-03,-10.050E-03,-10.050E-03
+2.052510E+00,-5.025E-03,-10.050E-03,-10.050E-03
+2.055010E+00,-5.025E-03,-10.050E-03,-10.050E-03
+2.057510E+00,-5.025E-03,-10.050E-03,-10.050E-03
+2.060010E+00,-5.025E-03,-10.050E-03,-10.050E-03
+2.062510E+00,-5.025E-03,-10.050E-03,-10.050E-03
+2.065010E+00,-5.025E-03,-10.050E-03,-15.075E-03
+2.067510E+00,-5.025E-03,-10.050E-03,-10.050E-03
+2.070010E+00,-5.025E-03,-10.050E-03,-10.050E-03
+2.072510E+00,-5.025E-03,-10.050E-03,-10.050E-03
+2.075010E+00,-5.025E-03,-10.050E-03,-10.050E-03
+2.077510E+00,-5.025E-03,-10.050E-03,-10.050E-03
+2.080010E+00,-5.025E-03,-10.050E-03,-10.050E-03
+2.082510E+00,-5.025E-03,-10.050E-03,-10.050E-03
+2.085010E+00,-5.025E-03,-10.050E-03,-10.050E-03
+2.087510E+00,-5.025E-03,-10.050E-03,-10.050E-03
+2.090010E+00,-5.025E-03,-10.050E-03,-10.050E-03
+2.092510E+00,-5.025E-03,-10.050E-03,-10.050E-03
+2.095010E+00,-5.025E-03,-10.050E-03,-10.050E-03
+2.097510E+00,-5.025E-03,-10.050E-03,-10.050E-03
+2.100010E+00,-5.025E-03,-5.025E-03,-10.050E-03
+2.102510E+00,-5.025E-03,-10.050E-03,-10.050E-03
+2.105010E+00,-5.025E-03,-10.050E-03,-10.050E-03
+2.107510E+00,-5.025E-03,-10.050E-03,-10.050E-03
+2.110010E+00,-5.025E-03,-10.050E-03,-10.050E-03
+2.112510E+00,-5.025E-03,-10.050E-03,-10.050E-03
+2.115010E+00,-5.025E-03,-10.050E-03,-10.050E-03
+2.117510E+00,-5.025E-03,-10.050E-03,-10.050E-03
+2.120010E+00,-5.025E-03,-10.050E-03,-10.050E-03
+2.122510E+00,-5.025E-03,-10.050E-03,-10.050E-03
+2.125010E+00,-5.025E-03,-10.050E-03,-10.050E-03
+2.127510E+00,-5.025E-03,-10.050E-03,-10.050E-03
+2.130010E+00,-5.025E-03,-10.050E-03,-10.050E-03
+2.132510E+00,-5.025E-03,-10.050E-03,-10.050E-03
+2.135010E+00,-5.025E-03,-10.050E-03,-10.050E-03
+2.137510E+00,-5.025E-03,-10.050E-03,-10.050E-03
+2.140010E+00,-5.025E-03,-10.050E-03,-10.050E-03
+2.142510E+00,-5.025E-03,-10.050E-03,-10.050E-03
+2.145010E+00,-5.025E-03,-10.050E-03,-10.050E-03
+2.147510E+00,-5.025E-03,-10.050E-03,-10.050E-03
+2.150010E+00,-5.025E-03,-10.050E-03,-10.050E-03
+2.152510E+00,-5.025E-03,-10.050E-03,-10.050E-03
+2.155010E+00,-5.025E-03,-10.050E-03,-10.050E-03
+2.157510E+00,-5.025E-03,-10.050E-03,-10.050E-03
+2.160010E+00,-5.025E-03,-10.050E-03,-10.050E-03
+2.162510E+00,-5.025E-03,-10.050E-03,-10.050E-03
+2.165010E+00,-5.025E-03,-10.050E-03,-10.050E-03
+2.167510E+00,-5.025E-03,-10.050E-03,-10.050E-03
+2.170010E+00,-5.025E-03,-10.050E-03,-10.050E-03
+2.172510E+00,-5.025E-03,-10.050E-03,-10.050E-03
+2.175010E+00,-5.025E-03,-10.050E-03,-10.050E-03
+2.177510E+00,-5.025E-03,-10.050E-03,-10.050E-03
+2.180010E+00,-5.025E-03,-10.050E-03,-10.050E-03
+2.182510E+00,-5.025E-03,-10.050E-03,-10.050E-03
+2.185010E+00,-5.025E-03,-10.050E-03,-10.050E-03
+2.187510E+00,-5.025E-03,-10.050E-03,-10.050E-03
+2.190010E+00,-5.025E-03,-10.050E-03,-10.050E-03
+2.192510E+00,-5.025E-03,-10.050E-03,-10.050E-03
+2.195010E+00,-5.025E-03,-10.050E-03,-10.050E-03
+2.197510E+00,-5.025E-03,-10.050E-03,-10.050E-03
+2.200010E+00,-5.025E-03,-10.050E-03,-10.050E-03
+2.202510E+00,-5.025E-03,-10.050E-03,-10.050E-03
+2.205010E+00,-5.025E-03,-10.050E-03,-10.050E-03
+2.207510E+00,-5.025E-03,-10.050E-03,-10.050E-03
+2.210010E+00,-5.025E-03,-10.050E-03,-10.050E-03
+2.212510E+00,-5.025E-03,-10.050E-03,-10.050E-03
+2.215010E+00,-5.025E-03,-10.050E-03,-10.050E-03
+2.217510E+00,-5.025E-03,-10.050E-03,-10.050E-03
+2.220010E+00,-5.025E-03,-10.050E-03,-10.050E-03
+2.222510E+00,-5.025E-03,-10.050E-03,-10.050E-03
+2.225010E+00,-5.025E-03,-10.050E-03,+3.261306E+00
+2.227510E+00,-5.025E-03,-10.050E-03,+3.256281E+00
+2.230010E+00,-5.025E-03,-10.050E-03,+3.261306E+00
+2.232510E+00,-5.025E-03,-10.050E-03,+3.256281E+00
+2.235010E+00,-5.025E-03,-10.050E-03,+3.261306E+00
+2.237510E+00,-5.025E-03,-10.050E-03,+3.256281E+00
+2.240010E+00,-5.025E-03,-10.050E-03,+3.256281E+00
+2.242510E+00,-5.025E-03,-10.050E-03,+3.256281E+00
+2.245010E+00,-5.025E-03,-10.050E-03,+3.261306E+00
+2.247510E+00,-5.025E-03,-10.050E-03,+3.261306E+00
+2.250010E+00,-5.025E-03,+3.286432E+00,-10.050E-03
+2.252510E+00,-5.025E-03,+3.286432E+00,-10.050E-03
+2.255010E+00,-5.025E-03,+3.286432E+00,-10.050E-03
+2.257510E+00,-5.025E-03,+3.286432E+00,-10.050E-03
+2.260010E+00,+0.0E+00,+3.286432E+00,-10.050E-03
+2.262510E+00,-5.025E-03,+3.286432E+00,-10.050E-03
+2.265010E+00,-5.025E-03,+3.286432E+00,-10.050E-03
+2.267510E+00,-5.025E-03,+3.286432E+00,-10.050E-03
+2.270010E+00,-5.025E-03,+3.286432E+00,-10.050E-03
+2.272510E+00,-5.025E-03,+3.286432E+00,-10.050E-03
+2.275010E+00,-5.025E-03,-10.050E-03,-10.050E-03
+2.277510E+00,-5.025E-03,-10.050E-03,-10.050E-03
+2.280010E+00,-5.025E-03,-10.050E-03,-10.050E-03
+2.282510E+00,-5.025E-03,-10.050E-03,-10.050E-03
+2.285010E+00,-5.025E-03,-10.050E-03,-10.050E-03
+2.287510E+00,-5.025E-03,-10.050E-03,-10.050E-03
+2.290010E+00,-5.025E-03,-10.050E-03,-10.050E-03
+2.292510E+00,-5.025E-03,-10.050E-03,-10.050E-03
+2.295010E+00,-5.025E-03,-10.050E-03,-10.050E-03
+2.297510E+00,-5.025E-03,-10.050E-03,-10.050E-03
+2.300010E+00,-5.025E-03,-10.050E-03,-10.050E-03
+2.302510E+00,-5.025E-03,-10.050E-03,-10.050E-03
+2.305010E+00,-5.025E-03,-10.050E-03,-10.050E-03
+2.307510E+00,-5.025E-03,-10.050E-03,-10.050E-03
+2.310010E+00,-5.025E-03,-10.050E-03,-10.050E-03
+2.312510E+00,-5.025E-03,-10.050E-03,-10.050E-03
+2.315010E+00,-5.025E-03,-10.050E-03,-10.050E-03
+2.317510E+00,-5.025E-03,-10.050E-03,-10.050E-03
+2.320010E+00,-5.025E-03,-10.050E-03,-10.050E-03
+2.322510E+00,-5.025E-03,-10.050E-03,-10.050E-03
+2.325010E+00,-5.025E-03,-10.050E-03,-10.050E-03
+2.327510E+00,-5.025E-03,-10.050E-03,-10.050E-03
+2.330010E+00,-5.025E-03,-10.050E-03,-10.050E-03
+2.332510E+00,-5.025E-03,-10.050E-03,-10.050E-03
+2.335010E+00,-5.025E-03,-10.050E-03,-10.050E-03
+2.337510E+00,-5.025E-03,-10.050E-03,-10.050E-03
+2.340010E+00,-5.025E-03,-10.050E-03,-10.050E-03
+2.342510E+00,-5.025E-03,-10.050E-03,-10.050E-03
+2.345010E+00,-5.025E-03,-10.050E-03,-10.050E-03
+2.347510E+00,-5.025E-03,-10.050E-03,-10.050E-03
+2.350010E+00,-5.025E-03,-10.050E-03,-10.050E-03
+2.352510E+00,-5.025E-03,-10.050E-03,-10.050E-03
+2.355010E+00,-5.025E-03,-10.050E-03,-10.050E-03
+2.357510E+00,-5.025E-03,-10.050E-03,-10.050E-03
+2.360010E+00,-5.025E-03,-10.050E-03,-10.050E-03
+2.362510E+00,-5.025E-03,-10.050E-03,-10.050E-03
+2.365010E+00,-5.025E-03,-10.050E-03,-10.050E-03
+2.367510E+00,-5.025E-03,-10.050E-03,-10.050E-03
+2.370010E+00,-5.025E-03,-5.025E-03,-10.050E-03
+2.372510E+00,-5.025E-03,-10.050E-03,-10.050E-03
+2.375010E+00,-5.025E-03,-10.050E-03,-10.050E-03
+2.377510E+00,-5.025E-03,-10.050E-03,-10.050E-03
+2.380010E+00,-5.025E-03,-10.050E-03,-10.050E-03
+2.382510E+00,-5.025E-03,-10.050E-03,-10.050E-03
+2.385010E+00,-5.025E-03,-10.050E-03,-10.050E-03
+2.387510E+00,-5.025E-03,-10.050E-03,-10.050E-03
+2.390010E+00,-5.025E-03,-10.050E-03,-10.050E-03
+2.392510E+00,-5.025E-03,-10.050E-03,-10.050E-03
+2.395010E+00,-5.025E-03,-10.050E-03,-10.050E-03
+2.397510E+00,-5.025E-03,-10.050E-03,-10.050E-03
+2.400010E+00,-5.025E-03,-10.050E-03,-10.050E-03
+2.402510E+00,-5.025E-03,-10.050E-03,-15.075E-03
+2.405010E+00,-5.025E-03,-10.050E-03,-10.050E-03
+2.407510E+00,-5.025E-03,-10.050E-03,-10.050E-03
+2.410010E+00,-5.025E-03,-10.050E-03,-10.050E-03
+2.412510E+00,-5.025E-03,-10.050E-03,-10.050E-03
+2.415010E+00,-5.025E-03,-10.050E-03,-10.050E-03
+2.417510E+00,-5.025E-03,-10.050E-03,-10.050E-03
+2.420010E+00,-5.025E-03,-10.050E-03,-10.050E-03
+2.422510E+00,-5.025E-03,-10.050E-03,-10.050E-03
+2.425010E+00,-5.025E-03,-10.050E-03,-10.050E-03
+2.427510E+00,-5.025E-03,-10.050E-03,-10.050E-03
+2.430010E+00,-5.025E-03,-10.050E-03,-10.050E-03
+2.432510E+00,-5.025E-03,-10.050E-03,-10.050E-03
+2.435010E+00,-5.025E-03,-10.050E-03,-10.050E-03
+2.437510E+00,-5.025E-03,-10.050E-03,-15.075E-03
+2.440010E+00,-5.025E-03,-10.050E-03,-10.050E-03
+2.442510E+00,-5.025E-03,-10.050E-03,-10.050E-03
+2.445010E+00,-5.025E-03,-10.050E-03,-10.050E-03
+2.447510E+00,-5.025E-03,-10.050E-03,-10.050E-03
+2.450010E+00,-5.025E-03,-10.050E-03,-10.050E-03
+2.452510E+00,-5.025E-03,-10.050E-03,-10.050E-03
+2.455010E+00,-5.025E-03,-10.050E-03,-10.050E-03
+2.457510E+00,-5.025E-03,-10.050E-03,-10.050E-03
+2.460010E+00,-5.025E-03,-10.050E-03,-10.050E-03
+2.462510E+00,-5.025E-03,-10.050E-03,-10.050E-03
+2.465010E+00,-5.025E-03,-10.050E-03,-10.050E-03
+2.467510E+00,-5.025E-03,-10.050E-03,-10.050E-03
+2.470010E+00,-5.025E-03,-10.050E-03,-10.050E-03
+2.472510E+00,-5.025E-03,-10.050E-03,-10.050E-03
+2.475010E+00,-5.025E-03,-10.050E-03,+3.261306E+00
+2.477510E+00,-5.025E-03,-10.050E-03,+3.261306E+00
+2.480010E+00,-5.025E-03,-10.050E-03,+3.261306E+00
+2.482510E+00,-5.025E-03,-10.050E-03,+3.256281E+00
+2.485010E+00,-5.025E-03,-10.050E-03,+3.261306E+00
+2.487510E+00,-5.025E-03,-10.050E-03,+3.261306E+00
+2.490010E+00,-5.025E-03,-10.050E-03,+3.261306E+00
+2.492510E+00,-5.025E-03,-10.050E-03,+3.261306E+00
+2.495010E+00,-5.025E-03,-10.050E-03,+3.261306E+00
+2.497510E+00,-5.025E-03,-10.050E-03,+3.261306E+00
